Brand,Store,Discount,End_date,Comments_count,Bookmarks_count,Shares_count
lancome,Lancome,25% Off,2020-05-10,44,16,7
lancome,Lancome,Free Gift,2020-06-08,144,128,83
lancome,Lancome,20% Off,2020-06-02,2,20,7
lancome,Lancome,20% Off,2020-06-21,17,14,10
lancome,Lancome,20% Off,2020-06-20,1,7,5
lancome,Lancome,Up to 40% Off,2020-06-02,283,291,206
lancome,Lancome,25% Off,2020-05-31,22,40,24
lancome,Lancome,25% Off,2020-05-31,1233,702,524
lancome,Lancome,25% Off,2020-05-31,177,157,80
lancome,Lancome,25% Off,2020-05-30,75,50,26
lancome,Lancome,Free Eye Cream,2020-05-18,58,38,38
lancome,Lancome,"Up to Buy 1, Get 1 Free",2020-05-14,1090,278,268
lancome,Lancome,20% Off,2020-05-04,61,23,21
lancome,Lancome,20% Off,2020-05-04,50,58,34
lancome,Lancome,20% Off,2020-05-04,29,45,26
lancome,Lancome,Up to 40% Off,2020-05-02,2333,1070,738
lancome,Lancome,20% Off,2020-04-29,14,16,12
lancome,Lancome,20% Off,2020-04-29,13,7,8
lancome,Lancome,20% Off,2020-04-21,5,5,3
lancome,Lancome,"Buy1, Get 1 50% Off + Free Gifts",2020-04-21,141,159,193
lancome,Lancome,Free Gifts($271.5 value),2020-04-17,113,131,119
lancome,Lancome,Free Gift Value of $293,2020-04-13,19,26,37
lancome,Lancome,$172($210 value) + GWP,2020-04-10,,3,9
lancome,Lancome,up to $245 value,2020-04-10,,,3
lancome,Lancome,Up to 40% Off,2020-04-05,202,299,181
lancome,Lancome,20% Off,2020-04-01,111,182,108
lancome,Lancome,$25,2020-03-27,3,2,7
lancome,Lancome,$65.60$82.00,2020-03-25,2,1,3
lancome,Lancome,$25.60$32.00,2020-03-19,,7,2
lancome,Lancome,20% Off,2020-03-11,17,35,19
lancome,Lancome,Up to 30% Off,2020-03-11,41,139,113
lancome,Lancome,20% Off,2020-02-29,81,256,153
lancome,Lancome,$45,2020-02-21,1,7,5
lancome,Lancome,Up to 30% Off,2020-02-20,74,198,202
lancome,Lancome,GWP,2020-02-15,10,9,5
lancome,Lancome,Up to 50% Off,2020-02-15,,5,4
lancome,Lancome,20% Off,2020-02-03,158,304,184
lancome,Lancome,20% + 2-Day Shipping,2020-02-01,,4,8
lancome,Lancome,$216 Valued Gifts,2020-01-27,,2,6
lancome,Lancome,15% Off + $216 Valued Gifts,2020-01-26,314,378,274
lancome,Lancome,20% Off + GWP,2020-01-26,35,69,44
lancome,Lancome,$27.20$32.00,2020-01-26,39,36,15
lancome,Lancome,15% Off + Free 7 Gifts,2020-01-23,2,13,6
lancome,Lancome,20% Off,2020-01-14,56,95,65
lancome,Lancome,20%,2020-01-12,16,35,16
lancome,Lancome,Up to 6-Pieces Free Gifts,2019-12-31,77,123,122
lancome,Lancome,Up to 40% Off,2019-12-26,11,16,17
lancome,Lancome,20% Off + GWP,2019-12-21,228,296,156
lancome,Lancome,$32,2019-12-13,9,26,17
lancome,Lancome,Get it for $175 ($230 Value) + GWP,2019-12-13,7,40,22
lancome,Lancome,Value Set + 6-Pc Gifts,2019-12-10,9,7,17
lancome,Lancome,20% Off + GWP,2019-12-04,547,1516,1213
lancome,Lancome,20% Off + GWP,2019-12-04,22,102,140
lancome,Lancome,20% Off + Free Gifts,2019-12-04,67,285,210
lancome,Lancome,20% Off + GWP,2019-12-04,116,279,256
lancome,Lancome,Free gifts + Only $68 with Any $39.5 Purchase,2019-11-28,65,215,414
lancome,Lancome,Get it for $175 ($230 Value),2019-11-13,19,58,26
lancome,Lancome,20% Off + Up to 6 Deluxe Samples,2019-11-13,212,485,461
lancome,Lancome,$32,2019-11-13,17,19,9
lancome,Lancome,20% Off,2019-11-12,22,46,99
lancome,Lancome,20% Off,2019-11-12,12,45,105
lancome,Lancome,16% Off + Only $68 with Any $39.5 Purchase,2019-10-31,21,59,50
lancome,Lancome,15% Off,2019-10-28,19,60,27
lancome,Lancome,15% Off + Only $68 with Any $39.5 Purchase,2019-10-28,218,610,478
lancome,Lancome,15% Off + Holiday Collection(value $$460),2019-10-27,7,53,30
lancome,Lancome,Up to 30% Off,2019-10-22,7,39,14
lancome,Lancome,15% Off,2019-10-17,4,5,10
lancome,Lancome,Up to 10-pc Gifts,2019-10-10,83,192,122
lancome,Lancome,15% Off,2019-10-10,2,10,10
lancome,Lancome,Up to 6-pc Gifts,2019-10-02,9,5,6
lancome,Lancome,Up to 75% Off,2019-09-26,299,228,286
lancome,Lancome,30% off,2019-09-21,8,17,25
lancome,Lancome,15% Off + Up to 12 Free Gifts,2019-09-14,236,305,209
lancome,Lancome,15% Off + Up to 13 Free Gifts,2019-09-14,1,19,10
lancome,Lancome,15% Off + Up to 13 Free Gifts,2019-09-14,7,17,17
lancome,Lancome,15% Off + Up to 13 Free Gifts,2019-09-11,,3,3
lancome,Lancome,Up to 11-pc Gifts,2019-09-11,19,45,28
lancome,Lancome,Up to 11-pc Gifts,2019-09-10,,3,4
lancome,Lancome,$110 (A $318 Value),2019-09-06,5,6,6
lancome,Lancome,20% off + GWP,2019-09-05,58,121,52
lancome,Lancome,20% off + GWP,2019-09-05,27,143,68
lancome,Lancome,Sitewide 20% Off,2019-09-05,1092,1453,996
lancome,Lancome,Free Gifts,2019-09-04,3,6,4
lancome,Lancome,$25.6,2019-09-04,9,18,18
lancome,Lancome,20% Off,2019-09-02,9,25,14
lancome,Lancome,Free 5-Pc Gifts,2019-08-23,33,89,38
lancome,Lancome,Up to 30% Off,2019-08-17,17,61,26
lancome,Lancome,Buy One Get One,2019-08-06,27,39,48
lancome,Lancome,Free 6Pc Gifts,2019-08-06,15,22,20
lancome,Lancome,Free 3 Lipsticks,2019-07-31,40,116,62
lancome,Lancome,20% Off Selected Items,2019-07-30,12,17,5
lancome,Lancome,One Day Only,2019-07-21,,1,
lancome,Lancome,Up to 30% Off,2019-07-15,30,115,53
lancome,Lancome,30% Off Select Products,2019-07-15,4,14,4
lancome,Lancome,Free 7Pc Gifts,2019-07-09,17,20,19
lancome,Lancome,20% off,2019-06-30,14,54,32
lancome,Lancome,20% off + GWP,2019-06-30,14,74,37
lancome,Lancome,20% off,2019-06-30,154,417,242
lancome,Lancome,20% off + GWP,2019-06-30,5,16,14
lancome,Lancome,15% Off+Free gifs,2019-06-24,111,245,128
lancome,Lancome,Free gifts,2019-06-24,2,1,3
lancome,Lancome,Free Gift,2019-06-21,2,4,3
lancome,Lancome,Up to 30% Off,2019-06-20,98,287,150
lancome,Lancome,$50,2019-06-17,1,3,3
lancome,Lancome,15% Off+Free Gifts,2019-06-06,,3,2
lancome,Lancome,20% off + GWP,2019-05-31,11,72,39
lancome,Lancome,20% off + GWP,2019-05-31,21,112,57
lancome,Lancome,20% off + GWP,2019-05-31,2,28,15
lancome,Lancome,20% off + GWP,2019-05-30,2,37,20
lancome,Lancome,20% Off,2019-05-20,1,6,6
lancome,Lancome,5-pc sample,2019-05-20,29,73,52
lancome,Lancome,Free 6Pc Gift,2019-05-17,6,11,10
lancome,Lancome,Enjoy 20% Off Sets and 30% Off,2019-05-15,24,46,19
lancome,Lancome,Free,2019-05-06,89,61,98
lancome,Lancome,6-pc sample,2019-05-05,3,1,6
lancome,Lancome,20% off,2019-04-26,103,317,185
lancome,Lancome,20% off,2019-04-26,10,20,13
lancome,Lancome,25% Off,2019-04-24,,5,5
lancome,Lancome,20% off,2019-04-20,13,34,17
lancome,Lancome,20% off,2019-04-20,690,998,771
lancome,Lancome,20% off,2019-04-20,44,32,21
lancome,Lancome,20% off,2019-04-18,45,76,44
lancome,Lancome,Up to $268 valued gifts,2019-04-18,38,101,51
lancome,Lancome,Up to $268 valued gifts,2019-04-18,11,18,7
lancome,Lancome,GWP,2019-04-18,55,89,45
lancome,Lancome,20% off,2019-04-18,8,32,14
lancome,Lancome,20% off,2019-04-17,3,15,11
lancome,Lancome,20% off,2019-04-17,18,25,23
lancome,Lancome,Up to $268 valued gifts,2019-04-13,1,5,3
lancome,Lancome,5-pc Gift,2019-04-03,7,24,11
lancome,Lancome,Enjoy 20% off,2019-03-29,21,45,22
lancome,Lancome,20% Off + 10-pc gift,2019-03-27,1804,1251,1118
lancome,Lancome,20% Off + 11-pc gift,2019-03-27,3,24,9
lancome,Lancome,20% Off + 11-pc gift,2019-03-27,3,23,17
lancome,Lancome,20% Off + 11-pc gift,2019-03-27,2,23,14
lancome,Lancome,20% Off + 11-pc gift,2019-03-26,23,28,12
lancome,Lancome,20% Off + 11-pc gift,2019-03-26,15,54,42
lancome,Lancome,20% Off + 11-pc gift,2019-03-26,22,59,51
lancome,Lancome,20% Off + 8-pc gift,2019-03-26,1,7,4
lancome,Lancome,20% Off + 10-pc gift,2019-03-24,,12,4
lancome,Lancome,20% Off + 10-pc gift,2019-03-22,5,9,3
lancome,Lancome,Up to 30% Off + GWP,2019-03-21,7,18,6
lancome,Lancome,$42 (Original $60),2019-03-20,1,5,3
lancome,Lancome,Enjoy a 4 Piece Sample,2019-03-16,99,131,86
lancome,Lancome,$35,2019-03-13,49,62,32
lancome,Lancome,$110,2019-03-13,,8,3
lancome,Lancome,Dealmoon Exclusive! Enjoy 15% off with $75 purchase,2019-03-09,93,66,29
lancome,Lancome,Free Gift,2019-03-05,10,10,6
lancome,Lancome,GWP,2019-02-24,4,6,2
lancome,Lancome,"Spend $35 and Receive 2 Samples, Spend $50 and Receive 4 Samples",2019-02-23,43,78,34
lancome,Lancome,Happy lash day! Choose a mini mascara,2019-02-19,1,9,4
lancome,Lancome,New Arrival! $32,2019-02-19,6,18,6
lancome,Lancome,Enjoy 20% Off,2019-02-13,33,78,49
lancome,Lancome,Up to $20,2019-02-12,2,5,2
lancome,Lancome,Free,2019-02-11,45,67,77
lancome,Lancome,New Arrivals,2019-02-11,5,,4
lancome,Lancome,20% off,2019-02-06,7,27,14
lancome,Lancome,32% Off,2019-02-06,40,42,24
lancome,Lancome,20% Off,2019-02-06,4127,3527,2327
lancome,Lancome,Enjoy 20% Off,2019-02-06,95,190,98
lancome,Lancome,Enjoy 20% Off,2019-02-05,34,98,43
lancome,Lancome,Enjoy 20% Off,2019-02-05,24,55,25
lancome,Lancome,Enjoy 20% off + GWP,2019-02-05,3,35,19
lancome,Lancome,Enjoy 20% Off,2019-02-04,62,96,36
lancome,Lancome,Up to 10-pc Gift,2019-02-04,7,22,8
lancome,Lancome,44% off,2019-02-01,2,41,12
lancome,Lancome,Enjoy 20% Off,2019-01-31,6,51,17
lancome,Lancome,Free,2019-01-28,287,453,776
lancome,Lancome,20% off,2019-01-27,69,131,73
lancome,Lancome,Up to 30% Off + GWP,2019-01-27,560,1253,627
lancome,Lancome,Choose up to 10-pc gifts,2019-01-24,21,46,10
lancome,Lancome,Enjoy 15% off + GWP,2019-01-09,7,23,6
lancome,Lancome,Enjoy 15% off + GWP,2019-01-09,4,13,10
lancome,Lancome,Enjoy 15% off + GWP,2019-01-09,10,40,26
lancome,Lancome,Enjoy 15% off + GWP,2019-01-09,23,35,31
lancome,Lancome,Enjoy 15% off + GWP,2019-01-09,1,23,7
lancome,Lancome,Enjoy 15% off + GWP,2019-01-09,130,336,205
lancome,Lancome,15% Off +GWP,2019-01-09,2,4,6
lancome,Lancome,Dealmoon Exclusive EARLY ACCESS: Enjoy 20% off any order,2018-12-22,195,584,220
lancome,Lancome,Enjoy 20% off + GWP,2018-12-22,10,34,11
lancome,Lancome,Enjoy 20% off + GWP,2018-12-22,10,43,22
lancome,Lancome,Enjoy 20% Off,2018-12-22,2,14,4
lancome,Lancome,$89.6 + GWP,2018-12-22,26,58,28
lancome,Lancome,20% off + GWP,2018-12-22,1,19,3
lancome,Lancome,Enjoy 20% off + GWP,2018-12-21,2,34,15
lancome,Lancome,$55.2 + GWP,2018-12-21,,19,4
lancome,Lancome,Enjoy 20% off + GWP,2018-12-21,,18,
lancome,Lancome,Enjoy 20% off + Free Shipping,2018-12-21,8,42,9
lancome,Lancome,Enjoy 20% off + GWP,2018-12-21,11,25,5
lancome,Lancome,15% Off + Free gift,2018-12-17,46,187,59
lancome,Lancome,Enjoy 20% off,2018-12-14,449,792,369
lancome,Lancome,Enjoy 20% off + 4 samples & bag on $75,2018-12-14,41,69,27
lancome,Lancome,Enjoy 20% Off,2018-12-14,4,16,6
lancome,Lancome,20% off,2018-12-14,9,5,6
lancome,Lancome,Enjoy 20% off + GWP,2018-12-14,1,33,10
lancome,Lancome,Enjoy 20% off + GWP,2018-12-14,7,43,11
lancome,Lancome,Enjoy 20% off Sitewide + GWP,2018-12-13,43,91,30
lancome,Lancome,Enjoy 20% off + GWP,2018-12-12,2,47,16
lancome,Lancome,Up to $25 Off + 2 free samples,2018-12-09,23,38,12
lancome,Lancome,Enjoy Holiday Skincare Essentials Collection for $42.5 ($97 value),2018-12-09,5,21,5
lancome,Lancome,Free 6-pc gift,2018-12-06,12,24,8
lancome,Lancome,New Arrivals,2018-12-01,17,20,14
lancome,Lancome,Free $23 Gift,2018-12-01,10,16,6
lancome,Lancome,Enjoy 20% off Sitewide,2018-11-28,544,2169,1009
lancome,Lancome,Enjoy 20% Off,2018-11-28,7,17,7
lancome,Lancome,Enjoy 20% off,2018-11-28,32,231,108
lancome,Lancome,Enjoy 20% off + Free Shipping,2018-11-28,69,352,111
lancome,Lancome,Enjoy 20% off Sitewide + Free Shipping,2018-11-27,31,292,75
lancome,Lancome,Enjoy 20% off Sitewide + Free Shipping,2018-11-27,44,352,166
lancome,Lancome,Enjoy 20% off + Free Shipping,2018-11-27,26,189,84
lancome,Lancome,20% off,2018-11-26,21,204,81
lancome,Lancome,Enjoy 20% off + Free Shipping,2018-11-24,37,296,144
lancome,Lancome,Only $65 With $35 Purchase,2018-11-23,699,1897,1622
lancome,Lancome,15% Off + Up to 5-pc Gift,2018-11-20,144,629,298
lancome,Lancome,15% Off + Up to 5-pc Gift,2018-11-19,15,85,51
lancome,Lancome,15% Off + Up to 5-pc Gift,2018-11-19,3,23,7
lancome,Lancome,15% Off + Up to 5-pc Gift,2018-11-19,2,28,18
lancome,Lancome,15% Off + Up to 5-pc Gift,2018-11-19,3,30,5
lancome,Lancome,15% Off + Up to 5-pc Gift,2018-11-19,14,91,52
lancome,Lancome,15% Off + Up to 5-pc Gift,2018-11-19,12,67,25
lancome,Lancome,15% Off + Up to 5-pc Gift,2018-11-19,5,48,17
lancome,Lancome,15% Off + Up to 5-pc Gift,2018-11-18,4,32,11
lancome,Lancome,20% Off,2018-11-13,29,125,40
lancome,Lancome,20% Off + 5 deluxe samples,2018-11-13,25,37,29
lancome,Lancome,20% Off,2018-11-13,76,184,72
lancome,Lancome,Dealmoon Exclusive 20% Off,2018-11-13,1643,2111,996
lancome,Lancome,20% Off + 5 deluxe samples,2018-11-13,15,89,10
lancome,Lancome,20% Off,2018-11-13,17,52,19
lancome,Lancome,20% off + 5 deluxe samples,2018-11-12,46,91,39
lancome,Lancome,Only $65 With $35 Purchase + 20% off,2018-11-12,33,102,76
lancome,Lancome,$56.95 + GWP,2018-11-12,2,66,10
lancome,Lancome,15% Off,2018-10-31,24,175,71
lancome,Lancome,15% Off,2018-10-31,,18,6
lancome,Lancome,15% Off,2018-10-31,1,9,1
lancome,Lancome,$56.95,2018-10-31,,4,4
lancome,Lancome,15% off,2018-10-31,17,9,8
lancome,Lancome,15% Off,2018-10-30,,8,1
lancome,Lancome,15% Off + Up to 9-pc Gift,2018-10-29,19,52,16
lancome,Lancome,15% Off + Up to 9-pc Gift,2018-10-29,37,51,28
lancome,Lancome,15% Off + Up to 9-pc Gift,2018-10-29,402,812,536
lancome,Lancome,15% Off + Up to 9-pc Gift,2018-10-29,6,45,9
lancome,Lancome,15% Off +Up to 9-pc Gift,2018-10-28,12,48,17
lancome,Lancome,Up to 9-pc Gift,2018-10-28,10,16,15
lancome,Lancome,15% Off + Up to 9-pc Gift,2018-10-27,3,18,7
lancome,Lancome,15% Off + Up to 9-pc Gift,2018-10-27,1,24,12
lancome,Lancome,Up to $25 Off,2018-10-25,21,95,24
lancome,Lancome,15% Off,2018-10-19,3,16,4
lancome,Lancome,$58.65 + Choose your 7 piece sample gift,2018-10-19,7,27,11
lancome,Lancome,15% off + Choose your 6 piece sample gift,2018-10-19,423,952,469
lancome,Lancome,$66.3+Choose your 7 piece sample gift,2018-10-19,28,102,56
lancome,Lancome,15% off + Choose your 7 piece sample gift,2018-10-19,14,56,25
lancome,Lancome,$22.1+GWP,2018-10-18,23,93,60
lancome,Lancome,15% off + Choose your 7 piece sample gift,2018-10-18,16,92,15
lancome,Lancome,Choose your 7 piece sample gift,2018-10-18,4,50,12
lancome,Lancome,15% off + Choose your 7 piece sample gift,2018-10-17,7,38,10
lancome,Lancome,$66.3 + Choose your 7 piece sample gift,2018-10-17,8,55,14
lancome,Lancome,15% + Choose your 7 piece sample gift,2018-10-17,5,38,16
lancome,Lancome,$56.95 + Choose your 7 piece sample gift,2018-10-16,5,26,16
lancome,Lancome,$18.7 (Original $22),2018-10-16,1,6,1
lancome,Lancome,$19 Off + Extra 15% Off,2018-10-16,1,13,2
lancome,Lancome,15% off + Choose your 6 piece sample gift,2018-10-16,,13,3
lancome,Lancome,$68 (Original $80),2018-10-15,,,
lancome,Lancome,!5% off + Choose your 7 piece sample gift,2018-10-15,10,16,6
lancome,Lancome,Choose your 7 piece sample gift,2018-10-11,1,26,10
lancome,Lancome,Free deluxe samples,2018-10-02,5,48,21
lancome,Lancome,15% Off,2018-10-01,29,138,46
lancome,Lancome,15% Off + GWP,2018-10-01,957,1208,542
lancome,Lancome,$56.95,2018-10-01,22,80,21
lancome,Lancome,15% off,2018-10-01,10,141,53
lancome,Lancome,$66.3 (Original $78),2018-10-01,16,112,39
lancome,Lancome,15% Off + GWP,2018-09-30,,32,6
lancome,Lancome,15% Off,2018-09-29,9,22,6
lancome,Lancome,15% Off,2018-09-28,4,36,12
lancome,Lancome,$68 (Original $80),2018-09-25,,5,
lancome,Lancome,Receive up to 10 deluxe samples,2018-09-13,23,53,19
lancome,Lancome,Fashion Week Sale! 15% off,2018-09-08,9,33,19
lancome,Lancome,New Arrival! $32,2018-09-07,12,41,20
lancome,Lancome,20% Off,2018-08-30,21,144,52
lancome,Lancome,20% Off + Free Shipping,2018-08-30,633,1855,837
lancome,Lancome,20% Off,2018-08-30,16,68,19
lancome,Lancome,20% Off,2018-08-30,37,178,33
lancome,Lancome,20% off,2018-08-30,10,34,19
lancome,Lancome,20% Off,2018-08-29,3,51,16
lancome,Lancome,20% off,2018-08-29,6,64,16
lancome,Lancome,20% Off + Free Shipping,2018-08-29,,5,
lancome,Lancome,20% Off,2018-08-29,42,184,67
lancome,Lancome,20% off,2018-08-29,5,38,4
lancome,Lancome,$17.6 (Original $22),2018-08-27,1,13,4
lancome,Lancome,$62.4 (Original $78),2018-08-27,4,48,14
lancome,Lancome,20% Off + GWP,2018-08-24,9,29,5
lancome,Lancome,$92 (Original $115),2018-08-23,1,4,2
lancome,Lancome,20% Off,2018-08-22,2,22,4
lancome,Lancome,20% Off,2018-08-21,,20,5
lancome,Lancome,15% Off,2018-08-18,6,106,31
lancome,Lancome,Receive Free Mascara and Cleanser + Free Shipping,2018-08-15,4,27,5
lancome,Lancome,Dealmoon Exclusive!Enjoy a Sample Set And a Bag,2018-08-14,8,38,11
lancome,Lancome,New Arrival!,2018-08-10,,6,
lancome,Lancome,Enjoy 25% Off,2018-08-09,3,32,3
lancome,Lancome,Enjoy 5 Pink Glow Summer Look Samples,2018-08-05,2,39,9
lancome,Lancome,Buy One Get One Free,2018-08-05,39,133,82
lancome,Lancome,Up To 4 Samples + Free Shipping,2018-08-04,6,40,15
lancome,Lancome,New Arrivals!,2018-08-04,3,10,
lancome,Lancome,Up To 5 Samples + Free Shipping,2018-07-28,9,47,17
lancome,Lancome,Enjoy a complimentary 3-piece sample set,2018-07-26,18,110,51
lancome,Lancome,30% Off + Free Gifts,2018-07-16,296,893,359
lancome,Lancome,Up to 7 Samples + Free Shipping,2018-07-10,5,33,7
lancome,Lancome,Enjoy a complimentary 3-piece sample set,2018-07-08,5,71,28
lancome,Lancome,Free Bienfait UV SPF 50+,2018-07-05,13,63,20
lancome,Lancome,$32.50$65.00,2018-07-02,32,91,20
lancome,Lancome,Up to 25% Off,2018-07-01,8,36,7
lancome,Lancome,Up To 7-pcs Free Gift+25% Off,2018-07-01,16,33,12
lancome,Lancome,Up to 25% Off,2018-07-01,4,26,5
lancome,Lancome,25% Off + Get 7-pcs Free Gift,2018-07-01,3,20,7
lancome,Lancome,25% off,2018-07-01,682,1192,585
lancome,Lancome,Up to 25% Off,2018-07-01,4,40,6
lancome,Lancome,Up to 25% Off + 6 samples,2018-07-01,36,117,37
lancome,Lancome,Up to 25% Off + 8 samples,2018-06-30,60,116,39
lancome,Lancome,Up to 25% Off,2018-06-30,62,197,64
lancome,Lancome,75% Off+ Get 7pcs Free Gifts,2018-06-30,8,26,5
lancome,Lancome,Up To Get 8-pcs Free Gift + 25% Off,2018-06-30,4,22,4
lancome,Lancome,Up to 25% Off,2018-06-29,,2,
lancome,Lancome,Up to 25% Off,2018-06-29,8,17,4
lancome,Lancome,Up to $45 Off,2018-06-22,45,120,28
lancome,Lancome,Enjoy 5 Piece Sample + Free Shipping,2018-06-12,18,50,9
lancome,Lancome,Enjoy a complimentary 5-piece sample set,2018-06-07,5,12,5
lancome,Lancome,Save 30% off,2018-06-04,14,214,29
lancome,Lancome,3 Deluxe Samples,2018-06-01,7,19,19
lancome,Lancome,20% off,2018-05-31,28,154,44
lancome,Lancome,20% Off,2018-05-31,14,109,32
lancome,Lancome,20% Off + Free Shipping,2018-05-31,410,1434,675
lancome,Lancome,20% Off,2018-05-31,22,78,21
lancome,Lancome,20% Off,2018-05-31,40,141,70
lancome,Lancome,20% Off,2018-05-31,54,297,121
lancome,Lancome,20% Off + Free Shipping,2018-05-30,10,58,17
lancome,Lancome,20% Off + Free Shipping,2018-05-30,7,62,20
lancome,Lancome,20% Off + Free Shipping,2018-05-30,24,62,26
lancome,Lancome,20% Off,2018-05-29,8,72,31
lancome,Lancome,20% Off,2018-05-28,6,24,8
lancome,Lancome,20% Off,2018-05-28,15,123,40
lancome,Lancome,$55.20$69.00,2018-05-27,6,46,15
lancome,Lancome,20% Off,2018-05-26,8,23,11
lancome,Lancome,20% Off,2018-05-23,2,9,4
lancome,Lancome,20% Off,2018-05-23,3,12,9
lancome,Lancome,20% Off,2018-05-22,,15,
lancome,Lancome,Enjoy a complimentary 5-piece sample set,2018-05-20,5,50,32
lancome,Lancome,SAVINGS,2018-05-17,15,105,35
lancome,Lancome,4 Luxurious Samples,2018-05-13,17,32,14
lancome,Lancome,15% Off,2018-05-11,17,87,30
lancome,Lancome,15% Off,2018-05-11,9,44,9
lancome,Lancome,15% off,2018-05-11,7,47,14
lancome,Lancome,15% OFF + 2 BONUS SAMPLES & BAG,2018-05-11,346,771,391
lancome,Lancome,15% Off,2018-05-11,10,42,14
lancome,Lancome,15% Off,2018-05-11,4,48,19
lancome,Lancome,15% Off,2018-05-11,,13,7
lancome,Lancome,15% Off,2018-05-11,3,27,13
lancome,Lancome,15% Off,2018-05-10,6,38,5
lancome,Lancome,$56.95$67.00,2018-05-10,,23,4
lancome,Lancome,15% Off,2018-05-10,2,22,3
lancome,Lancome,$58.65$69.00,2018-05-10,1,27,7
lancome,Lancome,15% Off,2018-05-10,,21,5
lancome,Lancome,"Enjoy expedited shipping, plus receive a complimentary bag and samples",2018-05-08,9,32,12
lancome,Lancome,Receive a 5 Piece Sample and Free Shipping,2018-05-06,44,182,59
lancome,Lancome,15% Off,2018-04-30,11,73,20
lancome,Lancome,15% Off,2018-04-30,95,499,154
lancome,Lancome,15% Off,2018-04-30,4,76,26
lancome,Lancome,$56.95$67.00,2018-04-30,10,37,8
lancome,Lancome,15% Off,2018-04-30,22,208,62
lancome,Lancome,15% Off $49+,2018-04-30,6,24,7
lancome,Lancome,15% Off,2018-04-29,9,40,10
lancome,Lancome,15% off orders $49+,2018-04-28,4,44,11
lancome,Lancome,15% Off,2018-04-28,8,24,4
lancome,Lancome,$58.65$69.00,2018-04-27,,32,5
lancome,Lancome,15% Off orders $49+,2018-04-27,7,62,29
lancome,Lancome,15% Off,2018-04-27,18,67,22
lancome,Lancome,Enjoy up to 75% Off,2018-04-24,113,373,175
lancome,Lancome,$26.00,2018-04-24,6,12,5
lancome,Lancome,11 Pieces Gift + Free Shipping,2018-04-19,239,424,160
lancome,Lancome,20% off,2018-04-01,250,541,159
lancome,Lancome,20% off orders $49+,2018-04-01,5,40,16
lancome,Lancome,20% Off,2018-03-31,7,41,15
lancome,Lancome,20% off orders $49+,2018-03-31,32,86,20
lancome,Lancome,20% Off orders $49+,2018-03-31,7,67,6
lancome,Lancome,20% Off,2018-03-31,12,28,13
lancome,Lancome,20% Off,2018-03-31,5,42,14
lancome,Lancome,20% Off orders $49+,2018-03-30,2,,1
lancome,Lancome,20% Off,2018-03-30,4,9,6
lancome,Lancome,20% Off On Orders $49+,2018-03-30,10,40,9
lancome,Lancome,Dealmoon Exclusive! 25% off orders $49+,2018-03-27,16,55,13
lancome,Lancome,25% Off,2018-03-27,3,12,4
lancome,Lancome,Dealmoon Exclusive! 25% off,2018-03-27,548,546,350
lancome,Lancome,25% Off,2018-03-27,1,20,9
lancome,Lancome,25% Off,2018-03-27,,13,1
lancome,Lancome,Dealmoon Exclusive! 25% off orders $49+,2018-03-27,,12,3
lancome,Lancome,25% Off,2018-03-27,3,13,2
lancome,Lancome,Dealmoon Exclusive! 25% off orders $49+,2018-03-27,1,5,2
lancome,Lancome,Dealmoon Exclusive! 20% off orders $49+,2018-03-27,66,129,66
lancome,Lancome,Dealmoon Exclusive! 20% off orders $49+,2018-03-27,3696,2341,1553
lancome,Lancome,Dealmoon Exclusive! 20% off orders $49+,2018-03-27,17,37,11
lancome,Lancome,Dealmoon Exclusive! 20% off orders $49+,2018-03-27,46,159,54
lancome,Lancome,20% Off Orders $49+,2018-03-26,2,10,4
lancome,Lancome,20% Off,2018-03-26,1,11,4
lancome,Lancome,Dealmoon Exclusive! 20% off orders $49+,2018-03-25,15,55,20
lancome,Lancome,20% Off,2018-03-25,10,33,14
lancome,Lancome,Dealmoon Exclusive! 20% off orders $49+,2018-03-25,38,27,22
lancome,Lancome,Dealmoon Exclusive! 20% off orders $49+,2018-03-23,2,9,1
lancome,Lancome,3 for $44,2018-03-20,23,156,42
lancome,Lancome,Dealmoon Exclusive! Up to $30 off + 9 samples,2018-03-19,4,32,18
lancome,Lancome,Dealmoon Exclusive! Up to $30 off + 9 samples,2018-03-19,21,35,13
lancome,Lancome,Up To $30 Off + 9 Samples,2018-03-19,27,54,18
lancome,Lancome,Dealmoon Exclusive! Up to $30 off + 9 samples,2018-03-19,164,297,129
lancome,Lancome,Up To $30 Off + 9 Samples,2018-03-16,6,21,8
lancome,Lancome,Up To $30 Off + 9 Samples,2018-03-16,,29,4
lancome,Lancome,$68.00$78.00,2018-03-16,,19,9
lancome,Lancome,Choose between 4 skincare samples or 4 makeup samples,2018-03-15,16,29,9
lancome,Lancome,Up to $30 Off,2018-03-15,77,162,60
lancome,Lancome,30% Off Visionnaire Crescendo,2018-03-10,6,26,3
lancome,Lancome,Enjoy 4-piece Samples,2018-03-02,20,70,20
lancome,Lancome,Up to 5 Samples + 15% Off,2018-02-25,40,138,58
lancome,Lancome,Up to 5 Samples + 15% Off,2018-02-24,7,63,17
lancome,Lancome,20% Off,2018-02-18,4,56,19
lancome,Lancome,20% Off,2018-02-18,11,114,63
lancome,Lancome,Dealmoon Exclusive Early access to 20% Off,2018-02-18,149,807,253
lancome,Lancome,$62.40$78.00,2018-02-18,4,71,27
lancome,Lancome,20% Off,2018-02-18,9,105,33
lancome,Lancome,20% Off Any Order,2018-02-18,3,45,16
lancome,Lancome,20% Off,2018-02-18,9,40,24
lancome,Lancome,$53.60$67.00,2018-02-18,1,30,19
lancome,Lancome,Dealmoon Exclusive Early Excess! 20% Off,2018-02-17,13,58,30
lancome,Lancome,Up to $30 Off,2018-02-15,10,66,18
lancome,Lancome,Up to $30 Off,2018-02-15,101,410,147
lancome,Lancome,$65.00$78.00,2018-02-15,15,90,28
lancome,Lancome,Up To $30 Off,2018-02-15,11,49,13
lancome,Lancome,Up to $30 Off,2018-02-15,6,27,7
lancome,Lancome,Up To $30 Off,2018-02-15,6,45,11
lancome,Lancome,Up TO $30 Off,2018-02-15,13,40,17
lancome,Lancome,Up to $30 Off,2018-02-15,6,17,4
lancome,Lancome,Up to $30 Off,2018-02-14,1,34,3
lancome,Lancome,$65.00$78.00,2018-02-14,6,42,4
lancome,Lancome,Free Ground Shipping,2018-02-11,21,129,35
lancome,Lancome,15% off + a complimentary gold gift box,2018-02-10,32,198,47
lancome,Lancome,Dealmoon Exclusive Early Excess!,2018-02-07,29,169,32
lancome,Lancome,Free Ground Shipping,2018-02-04,10,154,28
lancome,Lancome,15% off,2018-01-31,10,43,11
lancome,Lancome,15% off + GWP,2018-01-31,1,27,12
lancome,Lancome,15% Off,2018-01-31,12,78,19
lancome,Lancome,15% Off,2018-01-31,6,37,6
lancome,Lancome,15% Off,2018-01-31,10,85,29
lancome,Lancome,15% Off,2018-01-31,6,11,5
lancome,Lancome,15% Off,2018-01-31,3,9,5
lancome,Lancome,15% Off,2018-01-31,2,9,2
lancome,Lancome,$56.95$67.00,2018-01-30,,6,6
lancome,Lancome,15% Off + GWP,2018-01-30,,20,6
lancome,Lancome,15% off,2018-01-30,2,31,12
lancome,Lancome,Receive 15% Off,2018-01-30,300,598,316
lancome,Lancome,Renerhir Ultra Sample,2018-01-29,44,131,34
lancome,Lancome,Renerhir Ultra Sample,2018-01-29,35,135,40
lancome,Lancome,Renerhir Ultra Sample,2018-01-29,38,114,35
lancome,Lancome,Renerhir Ultra Sample,2018-01-28,6,29,10
lancome,Lancome,Renerhir Ultra Sample,2018-01-28,10,27,7
lancome,Lancome,Renerhir Ultra Sample,2018-01-28,,12,8
lancome,Lancome,DEALMOON EXCLUSIVE RENERGIE ULTRA SAMPLE,2018-01-28,377,870,355
lancome,Lancome,Renergie Ultra Sample,2018-01-28,44,166,68
lancome,Lancome,Renergie Ultra Sample,2018-01-28,25,101,44
lancome,Lancome,From $19+GWP,2018-01-27,33,87,29
lancome,Lancome,Up to 30% Off,2018-01-25,112,629,178
lancome,Lancome,$105 ($156 value)+Exclusive Sample,2018-01-24,78,505,202
lancome,Lancome,30% off,2018-01-21,97,528,171
lancome,Lancome,$112.00$140.00,2018-01-13,6,63,14
lancome,Lancome,$88.90$127.00,2018-01-11,2,30,8
lancome,Lancome,15% Off + GWP,2018-01-09,85,351,126
lancome,Lancome,15% Off + GWP,2018-01-09,6,48,15
lancome,Lancome,15% off,2018-01-09,29,113,45
lancome,Lancome,15% off + GWP,2018-01-09,9,52,21
lancome,Lancome,3 luxurious Absolue Premium Bx samples,2018-01-01,13,38,18
lancome,Lancome,20% Off + GWP,2017-12-30,193,680,253
lancome,Lancome,20% Off + GWP,2017-12-30,20,56,14
lancome,Lancome,20% Off + GWP,2017-12-30,7,31,13
lancome,Lancome,20% Off,2017-12-30,2,24,8
lancome,Lancome,20% Off + GWP,2017-12-30,4,16,6
lancome,Lancome,20% Off,2017-12-30,7,27,10
lancome,Lancome,20% Off + GWP,2017-12-30,8,32,18
lancome,Lancome,$140.00$175.00,2017-12-30,6,21,5
lancome,Lancome,20% Off,2017-12-30,7,16,8
lancome,Lancome,$53.60$67.00,2017-12-30,6,40,14
lancome,Lancome,20% Off + GWP,2017-12-29,2,35,20
lancome,Lancome,$62.40$78.00,2017-12-29,,31,14
lancome,Lancome,20% Off + GWP,2017-12-29,43,94,41
lancome,Lancome,20% Off + GWP,2017-12-29,18,132,56
lancome,Lancome,20% Off +2-pc GWP,2017-12-29,7,34,12
lancome,Lancome,20% Off,2017-12-29,6,29,18
lancome,Lancome,Up to $25 Off,2017-12-26,53,84,111
lancome,Lancome,20% Off + GWP,2017-12-24,1584,1945,1209
lancome,Lancome,20% Off,2017-12-22,5,14,7
lancome,Lancome,20% Off + GWP,2017-12-22,52,132,71
lancome,Lancome,$88.00$110.00,2017-12-21,41,188,63
lancome,Lancome,20% Off + GWP,2017-12-21,23,132,49
lancome,Lancome,$62.40$78.00,2017-12-21,6,71,30
lancome,Lancome,20% Off + GWP,2017-12-21,10,55,19
lancome,Lancome,$37.60$47.00,2017-12-21,4,23,7
lancome,Lancome,20% Off,2017-12-21,,25,8
lancome,Lancome,20% Off + GWP,2017-12-21,4,32,12
lancome,Lancome,$140.00$175.00,2017-12-21,11,45,17
lancome,Lancome,20% Off Any Order,2017-12-21,5,24,12
lancome,Lancome,$53.60$67.00,2017-12-21,8,33,11
lancome,Lancome,20% Off + Free Overnight Shipping,2017-12-20,7,51,24
lancome,Lancome,20% Off +up to Free 10 Samples,2017-12-20,24,78,37
lancome,Lancome,$37.60$47.00,2017-12-20,1,26,12
lancome,Lancome,20% Off,2017-12-20,2,35,11
lancome,Lancome,20% Off,2017-12-20,2,35,7
lancome,Lancome,20% Off,2017-12-19,2,8,6
lancome,Lancome,Dealmoon Exclusive! 50% Off,2017-12-15,24,94,30
lancome,Lancome,Up to 11pc GWP,2017-12-14,54,70,21
lancome,Lancome,Dealmoon Doubles Day Exclusive! 15% off,2017-12-13,10,59,20
lancome,Lancome,Dealmoon Doubles Day Exclusive! 15% off,2017-12-13,17,100,47
lancome,Lancome,$221.00$260.00,2017-12-13,7,12,5
lancome,Lancome,15% Off,2017-12-13,2,20,3
lancome,Lancome,Dealmoon Doubles Day Exclusive! 15% off,2017-12-13,1102,946,588
lancome,Lancome,Dealmoon Doubles Day Exclusive! 15% off,2017-12-13,4,29,11
lancome,Lancome,$39.95$47.00,2017-12-13,,3,2
lancome,Lancome,Dealmoon Doubles Day Exclusive! 15% off,2017-12-13,,4,1
lancome,Lancome,Dealmoon Doubles Day Exclusive! 15% off,2017-12-13,3,9,5
lancome,Lancome,$58.65$69.00,2017-12-13,,22,5
lancome,Lancome,Dealmoon Doubles Day Exclusive! 15% off,2017-12-13,5,19,8
lancome,Lancome,Dealmoon Doubles Day Exclusive! 15% off,2017-12-13,16,46,11
lancome,Lancome,Dealmoon Doubles Day Exclusive! 15% off,2017-12-13,1,6,3
lancome,Lancome,$56.95$67.00,2017-12-12,15,34,13
lancome,Lancome,Dealmoon Doubles Day Exclusive! 15% off,2017-12-12,1,4,1
lancome,Lancome,$66.30$78.00,2017-12-12,12,47,17
lancome,Lancome,Dealmoon Doubles Day Exclusive! 15% off,2017-12-12,7,42,7
lancome,Lancome,Dealmoon Doubles Day Exclusive! 15% off,2017-12-12,4,25,9
lancome,Lancome,"Buy one Color Design Lipstick,",2017-12-08,87,451,204
lancome,Lancome,RECEIVE A FREE FULL-SIZE HYDRA ZEN DAY CREAM ($56 VALUE),2017-12-02,53,126,59
lancome,Lancome,20% Off Any Order,2017-11-29,64,207,96
lancome,Lancome,$55.20$69.00,2017-11-29,12,80,45
lancome,Lancome,20% Off,2017-11-29,28,83,28
lancome,Lancome,$53.60$67.00,2017-11-29,11,97,51
lancome,Lancome,20% Off + Free Shipping,2017-11-29,22,130,56
lancome,Lancome,$62.40$78.00,2017-11-29,17,77,42
lancome,Lancome,20% Off Any Order,2017-11-28,51,311,146
lancome,Lancome,20% Off Any Order,2017-11-28,79,445,263
lancome,Lancome,20% Off Any Order,2017-11-28,383,1798,1112
lancome,Lancome,20% Off,2017-11-28,5,20,10
lancome,Lancome,20% Off,2017-11-28,10,48,20
lancome,Lancome,20% Off,2017-11-28,10,36,10
lancome,Lancome,20% Off Any Order,2017-11-28,14,35,20
lancome,Lancome,20% Off,2017-11-21,1,20,15
lancome,Lancome,Flash Sale! 15% Off,2017-11-18,80,221,114
lancome,Lancome,20% Off + 3 Deluxe Samples,2017-11-13,25,95,34
lancome,Lancome,Dealmoon Singles Day exclusive!,2017-11-13,619,1277,937
lancome,Lancome,20% Off + 3 Deluxe Samples,2017-11-13,35,120,64
lancome,Lancome,$53.60$67.00,2017-11-13,13,87,31
lancome,Lancome,$55.20$69.00,2017-11-13,21,94,37
lancome,Lancome,20% Off + 2 Deluxe Samples,2017-11-13,82,346,144
lancome,Lancome,20% Off + 3 Deluxe Samples,2017-11-13,25,44,12
lancome,Lancome,20% Off,2017-11-12,14,44,14
lancome,Lancome,$37.60$47.00,2017-11-12,2,10,1
lancome,Lancome,$37.60$47.00,2017-11-12,11,58,17
lancome,Lancome,20% Off,2017-11-12,,4,1
lancome,Lancome,$31.20$39.00,2017-11-12,,8,2
lancome,Lancome,20% Off + 3 Deluxe Samples,2017-11-12,27,98,29
lancome,Lancome,20% Off + 3 Deluxe Samples,2017-11-12,9,40,11
lancome,Lancome,20% Off + 2 Deluxe Samples,2017-11-12,30,166,70
lancome,Lancome,20% Off + 2 Deluxe Samples,2017-11-11,4,45,14
lancome,Lancome,$62.40$78.00,2017-11-05,42,193,97
lancome,Lancome,Customize Your 7 piece Gift + Free Shipping,2017-10-31,45,71,38
lancome,Lancome,$56.95$67.00,2017-10-29,2,25,7
lancome,Lancome,15% Off,2017-10-29,27,111,49
lancome,Lancome,$18.70$22.00,2017-10-29,16,43,16
lancome,Lancome,Flash Sale! 15% Off,2017-10-29,101,224,166
lancome,Lancome,15% Off,2017-10-29,5,8,11
lancome,Lancome,$58.65$69.00,2017-10-29,8,32,10
lancome,Lancome,15%off,2017-10-28,4,63,22
lancome,Lancome,15% Off,2017-10-28,11,36,15
lancome,Lancome,15% Off,2017-10-28,20,53,22
lancome,Lancome,Up to $25 Off,2017-10-25,73,192,98
lancome,Lancome,$68.00$78.00,2017-10-25,5,44,26
lancome,Lancome,Up To $25 Off,2017-10-24,1,27,8
lancome,Lancome,Up to $25 Off,2017-10-24,3,9,6
lancome,Lancome,Up to $25 Off,2017-10-24,2,5,5
lancome,Lancome,$68.00$78.00,2017-10-23,8,54,12
lancome,Lancome,Up to $25 Off,2017-10-23,9,51,26
lancome,Lancome,Customize Your 7 Piece Gift ($136 valued),2017-10-21,172,391,207
lancome,Lancome,$63.5,2017-10-21,7,78,38
lancome,Lancome,15% Off,2017-10-20,1,56,14
lancome,Lancome,$112.00,2017-10-07,38,65,27
lancome,Lancome,$82 + GWP,2017-10-07,5,70,24
lancome,Lancome,Free 4 Samples,2017-10-06,2,24,8
lancome,Lancome,Dealmoon Exclusive! 15% Off + 2 samples,2017-10-05,125,416,238
lancome,Lancome,Dealmoon Exclusive! 15% Off,2017-10-05,10,45,16
lancome,Lancome,$66.30$78.00,2017-10-05,24,90,28
lancome,Lancome,Dealmoon Exclusive! 15% Off + 2 samples,2017-10-05,26,196,70
lancome,Lancome,15% Off + 2 samples,2017-10-05,18,62,33
lancome,Lancome,20% Off,2017-10-05,11,119,37
lancome,Lancome,$58.65$69.00,2017-10-05,22,54,21
lancome,Lancome,$56.95$67.00,2017-10-05,6,38,19
lancome,Lancome,Dealmoon Exclusive! 15% Off + 2 samples,2017-10-04,12,40,12
lancome,Lancome,15% Off + 2 Samples,2017-10-04,11,32,17
lancome,Lancome,$39.95$47.00,2017-10-03,,17,2
lancome,Lancome,$18.70$22.00,2017-10-03,2,10,1
lancome,Lancome,Get a Free Miracle CC Cushion,2017-10-02,4,26,7
lancome,Lancome,$62.40$78.00,2017-09-27,17,55,28
lancome,Lancome,Flash Sale! 20% Off,2017-09-27,53,143,89
lancome,Lancome,$37.60$47.00,2017-09-27,33,41,12
lancome,Lancome,20% Off,2017-09-27,9,66,47
lancome,Lancome,Flash Sale! 20% Off,2017-09-27,396,528,424
lancome,Lancome,20% Off,2017-09-27,,4,1
lancome,Lancome,$37.60$47.00,2017-09-27,14,33,11
lancome,Lancome,Dealmoon Exclusive! 20% Off,2017-09-27,7,21,5
lancome,Lancome,$17.60$22.00,2017-09-27,5,44,7
lancome,Lancome,$31.20$39.00,2017-09-27,5,10,6
lancome,Lancome,Today Only! 20% Off,2017-09-27,,29,21
lancome,Lancome,20% Off,2017-09-27,11,46,14
lancome,Lancome,20% Off,2017-09-27,25,51,19
lancome,Lancome,$55.20$69.00,2017-09-27,6,38,16
lancome,Lancome,Free 3 cleansing & mask samples,2017-09-27,,22,4
lancome,Lancome,$53.60$67.00,2017-09-27,6,26,7
lancome,Lancome,Up to $25 Off,2017-09-22,,9,2
lancome,Lancome,Up to $25 Off,2017-09-22,4,8,4
lancome,Lancome,Up to $25 Off,2017-09-22,6,19,2
lancome,Lancome,Up to $25 Off,2017-09-22,14,40,23
lancome,Lancome,$68.00$78.00,2017-09-22,16,20,6
lancome,Lancome,Dealmoon Exclusive: Buy 1 Get 1 Free,2017-08-28,307,663,400
lancome,Lancome,20% Off,2017-08-28,16,72,18
lancome,Lancome,$53.60$67.00,2017-08-28,23,70,41
lancome,Lancome,Dealmoon Exclusive! 20% Off,2017-08-28,158,478,265
lancome,Lancome,$17.60$22.00,2017-08-28,44,185,82
lancome,Lancome,20% Off,2017-08-28,13,31,9
lancome,Lancome,20% Off,2017-08-28,51,138,62
lancome,Lancome,Dealmoon Exclusive! 20% Off,2017-08-28,27,49,20
lancome,Lancome,$55.20$69.00,2017-08-28,23,115,34
lancome,Lancome,20% Off,2017-08-28,911,1461,1182
lancome,Lancome,$62.40$78.00,2017-08-28,40,95,37
lancome,Lancome,Last Day! 20% Off+Free shipping,2017-08-27,63,267,114
lancome,Lancome,Last Day! 20% Off,2017-08-27,23,87,48
lancome,Lancome,$25.60$32.00,2017-08-27,24,109,27
lancome,Lancome,$37.60$47.00,2017-08-27,31,83,21
lancome,Lancome,$37.60$47.00,2017-08-27,15,78,20
lancome,Lancome,20% Off + Free Shipping,2017-08-24,5,28,3
lancome,Lancome,$31.20$39.00,2017-08-24,4,27,1
lancome,Lancome,$208.00$260.00,2017-08-22,,7,3
lancome,Lancome,15% off,2017-08-20,45,179,64
lancome,Lancome,50% Off,2017-08-14,45,159,62
lancome,Lancome,15% Off,2017-08-04,,25,11
lancome,Lancome,Dealmoon Exclusive! 3 Juicy Shakers for $44,2017-07-31,39,99,53
lancome,Lancome,30% Off,2017-07-30,51,190,60
lancome,Lancome,Dealmoon Exclusive: Enjoy 15% off + 1 Free sample,2017-07-27,19,47,15
lancome,Lancome,Dealmoon Exclusive: Enjoy 15% off + 1 free samples,2017-07-27,23,38,25
lancome,Lancome,Dealmoon Exclusive: Enjoy 15% off + 1 samples,2017-07-27,5,29,7
lancome,Lancome,15% Off + 2 Free Samples,2017-07-27,3,24,18
lancome,Lancome,15% Off + 2 Free Samples,2017-07-27,10,31,9
lancome,Lancome,15% Off + 1 Free Sample,2017-07-27,4,17,3
lancome,Lancome,15% Off + 1 Free Sample,2017-07-27,,5,4
lancome,Lancome,Dealmoon Exclusive: Enjoy 15% off + Free creme radiance samples,2017-07-27,247,282,226
lancome,Lancome,Dealmoon Exclusive! $33.15,2017-07-27,9,11,2
lancome,Lancome,15% Off + 2-pc Gift,2017-07-27,5,8,2
lancome,Lancome,15% Off + 6-pc Gift,2017-07-26,1,18,5
lancome,Lancome,15% Off + up to 4-pc Gifts,2017-07-26,15,36,3
lancome,Lancome,Dealmoon Exclusive: Enjoy 15% off + 2 samples,2017-07-26,,17,9
lancome,Lancome,15% Off + 1 Free Sample,2017-07-26,,8,4
lancome,Lancome,$44 + GWP,2017-07-23,67,272,135
lancome,Lancome,$82 + GWP,2017-07-22,42,238,100
lancome,Lancome,Enjoy up to 5 samples,2017-07-18,,19,8
lancome,Lancome,Enjoy 5 Samples + Free Shipping,2017-07-15,3,44,16
lancome,Lancome,Free Genifique deluxe sample + 15% Off,2017-07-01,37,123,66
lancome,Lancome,Free Genifique deluxe sample,2017-06-21,1,17,7
lancome,Lancome,Up to $25 Off+ 2 Deluxe Samples of Energie de Vie Liquid Care gentle moisturizer,2017-06-21,4,12,4
lancome,Lancome,Dealmoon Exclusive Early Access! Up to $25 Off,2017-06-20,22,63,71
lancome,Lancome,Enjoy 3 Samples + Free Shipping,2017-06-14,5,17,8
lancome,Lancome,Enjoy 3 Samples + Free Shipping,2017-06-09,2,4,5
lancome,Lancome,20% Off,2017-05-31,17,120,60
lancome,Lancome,Last Day! Enjoy 20% off + Free shipping + Complimentary travel-size product,2017-05-31,309,781,553
lancome,Lancome,$25.60$32.00,2017-05-31,36,332,94
lancome,Lancome,20% Off + Travel-size Sample + Free Shipping,2017-05-31,20,88,42
lancome,Lancome,20% Off + Travel-size Sample + Free Shipping,2017-05-31,40,119,46
lancome,Lancome,20% Off + Free Shipping,2017-05-31,9,25,11
lancome,Lancome,$53.60$67.00,2017-05-31,18,58,19
lancome,Lancome,20% Off + Travel-size Sample + Free Shipping,2017-05-31,2,45,15
lancome,Lancome,Last Day! 20% Off,2017-05-30,3,45,15
lancome,Lancome,20% Off+free shipping,2017-05-30,24,127,69
lancome,Lancome,$37.60$47.00,2017-05-30,19,132,26
lancome,Lancome,$37.60$47.00,2017-05-30,30,186,44
lancome,Lancome,20% Off,2017-05-30,14,115,55
lancome,Lancome,20% Off +Free Shipping,2017-05-27,1,10,7
lancome,Lancome,$55.20$69.00,2017-05-27,22,92,26
lancome,Lancome,$17.60$22.00,2017-05-27,18,84,39
lancome,Lancome,$31.20$39.00,2017-05-24,4,17,3
lancome,Lancome,18% Off,2017-05-17,21,43,14
lancome,Lancome,15% Off + 6-pc Gifts,2017-05-11,5,41,9
lancome,Lancome,15% Off + 6-pc Gifts,2017-05-11,12,19,13
lancome,Lancome,15% Off + 6-pc Gifts,2017-05-11,36,67,21
lancome,Lancome,Dealmoon Exclusive: Enjoy 15% off + 6 samples & bag,2017-05-11,398,470,371
lancome,Lancome,Dealmoon Exclusive! $33.15,2017-05-11,4,10,2
lancome,Lancome,15% Off + 6-pc Gifts,2017-05-11,13,53,35
lancome,Lancome,15% Off + Up to 6-pc Gifts,2017-05-11,9,56,30
lancome,Lancome,15% Off + 6-pc Gift,2017-05-11,6,15,5
lancome,Lancome,Last Day! 15% Off + up to 11-pc Gifts,2017-05-10,4,23,7
lancome,Lancome,Last Day! 15% Off + 6-pc Gifts,2017-05-10,1,14,6
lancome,Lancome,15% Off +6-PC Gift,2017-05-10,1,1,1
lancome,Lancome,15% Off + 6-pc Gift,2017-05-10,2,25,10
lancome,Lancome,15% Off + 6-pc Gifts,2017-05-10,2,23,8
lancome,Lancome,15% Off + 6-pc Gifts,2017-05-10,2,16,7
lancome,Lancome,15% Off + 6-pc Gift,2017-05-10,,43,19
lancome,Lancome,15% Off + 6-pc Gifts,2017-05-10,2,33,17
lancome,Lancome,$45 + A Sample of Cils Booster XL,2017-05-09,6,15,8
lancome,Lancome,Enjoy 2 Samples,2017-05-08,21,65,36
lancome,Lancome,Enjoy 4 Samples + Free Shipping,2017-04-30,34,53,24
lancome,Lancome,Last Day! 15% Off + Up to 10-pc Gifts,2017-04-27,7,67,40
lancome,Lancome,15% Off + 10-pc Gifts,2017-04-27,8,33,19
lancome,Lancome,15% Off +10-PC Gift,2017-04-27,6,16,17
lancome,Lancome,Last Day! 15% Off + 10-pc Gift,2017-04-27,38,93,59
lancome,Lancome,15% Off + 10-pc Gifts,2017-04-27,16,81,34
lancome,Lancome,Last Day! 15% Off,2017-04-27,315,546,403
lancome,Lancome,Last Day! 15% Off + 10-pc Gifts,2017-04-27,6,18,5
lancome,Lancome,Last Day! 15% Off + 10-pc Gift,2017-04-27,5,64,12
lancome,Lancome,Last Day! 15% Off + up to 11-pc Gifts,2017-04-27,6,26,7
lancome,Lancome,Last Day! 15% Off + 10-pc Gift,2017-04-27,6,22,10
lancome,Lancome,Last Day! 15% Off + Up to 11-pc Gifts,2017-04-27,10,39,20
lancome,Lancome,Last Day! 15% Off + customize 7-pc Gifts,2017-04-26,11,57,15
lancome,Lancome,Last Day! 15% Off + 10-pc Gift,2017-04-26,19,63,19
lancome,Lancome,Last Day! 15% Off + 10-pc Gifts,2017-04-26,9,32,14
lancome,Lancome,15% Off + GWP,2017-04-26,1,22,6
lancome,Lancome,$69.7 + Cutomize Your 7-pc Gift,2017-04-24,1,51,11
lancome,Lancome,Customize 7-piece gift,2017-04-24,203,268,132
lancome,Lancome,Up to 5 Free Gifts,2017-04-21,36,177,70
lancome,Lancome,Full Size DAILY REPLENISHING OIL,2017-04-20,25,90,35
lancome,Lancome,Up to 11 Free Gifts,2017-04-19,27,164,66
lancome,Lancome,Receive Full-Size Cils Boost + 10% Off,2017-04-18,2,28,9
lancome,Lancome,free 7-piece gift,2017-04-17,12,28,7
lancome,Lancome,Up to 11-pc Gifts,2017-04-17,10,24,16
lancome,Lancome,Up to 11-pc Gifts,2017-04-14,13,30,14
lancome,Lancome,Dealmoon Exclusive! 15% Off + 4 Genifique Deluxe Samples,2017-03-31,32,75,28
lancome,Lancome,Dealmoon Exclusive! 15% Off + 4 Genifique Deluxe Samples,2017-03-31,29,61,56
lancome,Lancome,15% Off + 4 Génifique Samples,2017-03-31,8,22,14
lancome,Lancome,15% Off + 4 Genifique Delux Samples,2017-03-31,26,95,25
lancome,Lancome,Dealmoon Exclusive! 15% Off + 4 Genifique Deluxe Samples,2017-03-31,1008,1151,938
lancome,Lancome,Dealmoon Exclusive! 15% Off + 4 Genifique Deluxe Samples,2017-03-31,3,42,24
lancome,Lancome,Dealmoon Exclusive! 15% Off + 4 Genifique Deluxe Samples,2017-03-31,8,86,22
lancome,Lancome,Dealmoon Exclusive! 15% Off + 4 Genifique Deluxe Samples,2017-03-30,5,40,11
lancome,Lancome,Dealmoon Exclusive! 15% Off + 4 Genifique Deluxe Samples,2017-03-30,16,128,58
lancome,Lancome,Dealmoon Exclusive! 15% Off + 4 Genifique Deluxe Samples,2017-03-30,35,147,69
lancome,Lancome,Dealmoon Exclusive! 15% Off + 4 Genifique Deluxe Samples,2017-03-30,22,70,37
lancome,Lancome,Dealmoon Exclusive! 15% Off + 4 Genifique Deluxe Samples,2017-03-30,18,86,16
lancome,Lancome,Dealmoon Exclusive! 15% Off + 4 Genifique Deluxe Samples,2017-03-30,71,178,102
lancome,Lancome,Dealmoon Exclusive! 15% Off + 4 Genifique Deluxe Samples,2017-03-29,2,26,13
lancome,Lancome,Free 5-pc Gifts + Free shipping,2017-03-21,12,16,5
lancome,Lancome,7 Free Samples,2017-03-17,15,37,27
lancome,Lancome,Dealmoon Exclusive! Free Visionnaire Yeux (Eye) and Visionnaire Nuit deluxe samples,2017-03-16,4,13,4
lancome,Lancome,Dealmoon Exclusive! 2 Free Génifique Samples + 18% Off,2017-03-11,605,922,497
lancome,Lancome,Dealmoon Exclusive! 18% Off,2017-03-11,28,70,29
lancome,Lancome,Dealmoon Exclusive! 18% Off,2017-03-11,61,172,91
lancome,Lancome,Dealmoon Exclusive! 18% Off,2017-03-11,22,103,48
lancome,Lancome,Dealmoon Exclusive! 18% Off,2017-03-10,26,46,20
lancome,Lancome,Dealmoon Exclusive! 18% Off,2017-03-10,28,180,53
lancome,Lancome,Dealmoon Exclusive! 18% Off,2017-03-10,9,25,10
lancome,Lancome,Dealmoon Exclusive! 18% Off,2017-03-10,24,52,12
lancome,Lancome,Dealmoon Exclusive! 18% Off,2017-03-10,63,91,24
lancome,Lancome,Dealmoon Exclusive! $31.98,2017-03-10,18,24,8
lancome,Lancome,$213.2,2017-03-10,3,11,3
lancome,Lancome,Dealmoon Exclusive! 18% Off=,2017-03-09,25,86,27
lancome,Lancome,Receive Free 5-pc Gift,2017-03-05,11,16,8
lancome,Lancome,20% Off,2017-03-01,42,198,82
lancome,Lancome,30% Off,2017-03-01,56,279,114
lancome,Lancome,Dealmoon Exclusive! 50% Off,2017-02-27,413,987,523
lancome,Lancome,Up To 2 Samples + 20% Off,2017-02-27,52,182,91
lancome,Lancome,Up To 3 Samples + 20% Off,2017-02-26,19,66,22
lancome,Lancome,Up To 5 Samples + 20% Off,2017-02-25,38,117,33
lancome,Lancome,Up To 5 Samples + 20% Off,2017-02-24,19,65,30
lancome,Lancome,20% Off,2017-02-17,24,91,20
lancome,Lancome,$80,2017-02-17,14,78,35
lancome,Lancome,Up to $25 Off,2017-02-17,3,25,7
lancome,Lancome,Up to $25 Off,2017-02-17,19,41,15
lancome,Lancome,20% Off + Extra 15% Off,2017-02-14,45,200,88
lancome,Lancome,20% Off + Extra 15% Off,2017-02-14,133,359,182
lancome,Lancome,25% Off,2017-02-11,2,23,5
lancome,Lancome,Free 4-pc Gift Set + Free shipping,2017-02-07,11,33,16
lancome,Lancome,Dealmoon Early Access！Up to $30 off,2017-01-30,6,31,7
lancome,Lancome,Dealmoon Early Access！Up to $30 off,2017-01-30,15,36,11
lancome,Lancome,Dealmoon Early Access！Up to $30 off,2017-01-30,108,241,113
lancome,Lancome,Dealmoon Early Access！Up to $30 off,2017-01-30,6,22,13
lancome,Lancome,Dealmoon Early Access！Up to $30 off,2017-01-29,14,36,11
lancome,Lancome,Dealmoon Early Access！Up to $30 off,2017-01-29,11,37,9
lancome,Lancome,Dealmoon Early Access！Up to $30 off,2017-01-29,10,76,7
lancome,Lancome,Dealmoon Early Access！Up to $30 off,2017-01-28,5,41,5
lancome,Lancome,Dealmoon Early Access！$15,2017-01-28,8,20,4
lancome,Lancome,Dealmoon Early Access！Up to $30 off,2017-01-28,3,25,4
lancome,Lancome,Dealmoon Early Access！Up to $30 off,2017-01-28,5,12,1
lancome,Lancome,Free 7-pc Gift Set + Free shipping,2017-01-26,56,132,78
lancome,Lancome,$47.60$68.00,2017-01-25,37,107,49
lancome,Lancome,Dealmoon Exclusive! 30% OFF,2017-01-25,3,16,3
lancome,Lancome,Dealmoon Exclusive! 30% OFF,2017-01-24,,17,7
lancome,Lancome,$47+ Free GWP,2017-01-24,4,38,2
lancome,Lancome,$32,2017-01-24,30,133,25
lancome,Lancome,Free L'Absolu Rouge,2017-01-23,23,52,27
lancome,Lancome,Dealmoon Exclusive! Enjoy 30% Off,2017-01-23,244,296,212
lancome,Lancome,Free 10-pc Gift Set,2017-01-23,10,24,22
lancome,Lancome,20% off + Free 7-pc Gift Set,2017-01-22,39,117,69
lancome,Lancome,Free 7-pc Gift Set,2017-01-22,3,8,1
lancome,Lancome,Free 7-pc Gift Set,2017-01-22,,8,19
lancome,Lancome,Free 7-pc Gift Set,2017-01-22,1,5,2
lancome,Lancome,$46,2017-01-21,14,35,23
lancome,Lancome,Dealmoon Exclusive! Enjoy 30% Off,2017-01-19,555,609,422
lancome,Lancome,Free 7-pc Gift Set,2017-01-17,7,7,2
lancome,Lancome,Enjoy 5 Free Samples,2017-01-17,1,43,26
lancome,Lancome,Free 7-pc Gift Set,2017-01-17,3,9,23
lancome,Lancome,Free 7-pc Gift Set,2017-01-17,15,22,15
lancome,Lancome,15% Off + Free 5 Deluxe Samples,2017-01-13,28,170,72
lancome,Lancome,Up to 15% Off + 5 Deluxe Samples,2017-01-13,1,8,4
lancome,Lancome,$46,2017-01-13,27,63,26
lancome,Lancome,Up To 5 Samples + 15% Off,2017-01-13,124,173,124
lancome,Lancome,Up to 15% Off + 5 Deluxe Samples,2017-01-13,5,16,2
lancome,Lancome,15% Off,2017-01-12,1,19,1
lancome,Lancome,$89.25$105.00,2017-01-12,4,14,
lancome,Lancome,Up to 15% Off + 5 Deluxe Samples,2017-01-12,4,34,11
lancome,Lancome,$47,2017-01-12,18,115,26
lancome,Lancome,15% Off,2017-01-12,4,4,2
lancome,Lancome,$22,2017-01-11,5,14,1
lancome,Lancome,Up to 15% Off + 5 Deluxe Samples,2017-01-11,,3,3
lancome,Lancome,New Arrival! $60,2017-01-11,18,40,20
lancome,Lancome,$32,2017-01-11,10,17,6
lancome,Lancome,$69,2017-01-10,3,13,4
lancome,Lancome,Up to 15% Off + 5 Deluxe Samples,2017-01-10,,7,3
lancome,Lancome,$67,2017-01-10,,9,7
lancome,Lancome,$47,2017-01-10,14,49,15
lancome,Lancome,Up to 15% Off + 5 Deluxe Samples,2017-01-10,18,23,4
lancome,Lancome,$221,2017-01-09,,13,
lancome,Lancome,Up to 15% Off + 5 Deluxe Samples,2017-01-09,2,8,5
lancome,Lancome,Dealmoon Exclusive Early Access！,2017-01-09,305,563,352
lancome,Lancome,Up To 5 Samples + 15% Off,2017-01-08,3,32,4
lancome,Lancome,Up To 5 Samples + 15% Off,2017-01-08,10,20,9
lancome,Lancome,Up To 5 Samples + 15% Off,2017-01-08,46,130,63
lancome,Lancome,$32,2017-01-01,13,76,28
lancome,Lancome,5 Deluxe Samples,2017-01-01,7,19,7
lancome,Lancome,20% Off + Free 2 Deluxe Samples,2016-12-30,16,79,39
lancome,Lancome,$44,2016-12-30,5,33,3
lancome,Lancome,20% Off + Free 2 Deluxe Samples,2016-12-29,67,221,89
lancome,Lancome,$74+ 2 Samples,2016-12-29,228,298,186
lancome,Lancome,20% Off,2016-12-29,4,17,2
lancome,Lancome,20% Off + Free 2 Deluxe Samples,2016-12-27,10,37,9
lancome,Lancome,20% Off + Free 2 Deluxe Samples,2016-12-27,3,12,3
lancome,Lancome,Up to 50% Off,2016-12-25,303,803,410
lancome,Lancome,Dealmoon Exclusive: 35% Off,2016-12-24,155,491,273
lancome,Lancome,Up to 25% Off,2016-12-22,3,26,4
lancome,Lancome,15% Off,2016-12-21,1,10,5
lancome,Lancome,15% Off,2016-12-21,14,94,24
lancome,Lancome,Today Only!25% Off,2016-12-20,204,282,160
lancome,Lancome,$36.75,2016-12-17,20,80,22
lancome,Lancome,$105,2016-12-16,16,102,52
lancome,Lancome,Free Juicy Shaker,2016-12-15,10,46,11
lancome,Lancome,Up to 8 Free Gifts,2016-12-14,1,16,9
lancome,Lancome,$74.75,2016-12-13,252,260,253
lancome,Lancome,"$10 Off $75+, $15 Off $100+ or $25 Off $150+",2016-12-13,8,41,13
lancome,Lancome,$116.25$175.00,2016-12-13,25,74,34
lancome,Lancome,$175($210) + 6 Deluxe Samples,2016-12-11,13,61,21
lancome,Lancome,$115,2016-12-10,23,37,23
lancome,Lancome,20% Off,2016-12-07,402,1309,673
lancome,Lancome,20% Off,2016-12-07,36,235,78
lancome,Lancome,20% Off,2016-12-07,37,126,33
lancome,Lancome,$37.6,2016-12-06,48,303,48
lancome,Lancome,$55.2,2016-12-06,19,126,35
lancome,Lancome,$35.2,2016-12-06,67,301,156
lancome,Lancome,$63.2 (reg.$79),2016-12-05,12,28,8
lancome,Lancome,20% Off,2016-12-03,9,31,9
lancome,Lancome,$62.4,2016-12-03,14,110,35
lancome,Lancome,$16.8,2016-12-03,17,84,40
lancome,Lancome,$20.80$26.00,2016-12-01,8,24,7
lancome,Lancome,$53.6,2016-11-30,10,58,30
lancome,Lancome,$47.2,2016-11-30,,17,5
lancome,Lancome,$84,2016-11-30,4,17,4
lancome,Lancome,20% Off,2016-11-29,8,40,7
lancome,Lancome,$63.2,2016-11-29,5,12,3
lancome,Lancome,$208,2016-11-29,10,55,24
lancome,Lancome,$12,2016-11-29,,23,6
lancome,Lancome,20% Off,2016-11-29,8,79,20
lancome,Lancome,Just $45,2016-11-26,6,37,12
lancome,Lancome,Thanksgiving Day! Free Hydra Intense Masque,2016-11-25,63,255,120
lancome,Lancome,30% OFF,2016-11-24,7,46,9
lancome,Lancome,5 Deluxe Samples,2016-11-23,51,182,105
lancome,Lancome,Dealmoon exclusive! 9 Samples + Bag,2016-11-22,6,38,12
lancome,Lancome,50% Off,2016-11-21,26,98,13
lancome,Lancome,Up to $25 Off,2016-11-19,48,191,85
lancome,Lancome,Dealmoon Exclusive Early Acces!50% Off,2016-11-18,1825,2412,1482
lancome,Lancome,Up to $25 Off,2016-11-17,44,156,75
lancome,Lancome,Up to $25 Off,2016-11-17,8,52,11
lancome,Lancome,$69,2016-11-16,4,21,11
lancome,Lancome,$35,2016-11-16,3,7,8
lancome,Lancome,$68,2016-11-16,3,38,18
lancome,Lancome,$44,2016-11-16,5,37,20
lancome,Lancome,Up to $25 Off,2016-11-15,3,22,11
lancome,Lancome,$55.2,2016-11-12,19,129,26
lancome,Lancome,20% Off,2016-11-12,519,1064,535
lancome,Lancome,$35.2 + 2 Deluxe Samples,2016-11-12,117,366,106
lancome,Lancome,20% Off,2016-11-12,31,67,28
lancome,Lancome,20% Off,2016-11-12,24,129,47
lancome,Lancome,$208 + 3 deluxe samples,2016-11-12,15,56,19
lancome,Lancome,$53.6,2016-11-12,9,107,39
lancome,Lancome,$84,2016-11-12,10,38,11
lancome,Lancome,$62.4,2016-11-11,17,51,27
lancome,Lancome,$63.2,2016-11-11,16,45,15
lancome,Lancome,$37.60$47.00,2016-11-11,19,122,25
lancome,Lancome,20% Off + 2 Deluxe Samples,2016-11-11,1,29,3
lancome,Lancome,$28 + 2 Deluxe Samples,2016-11-11,13,43,9
lancome,Lancome,20% Off + 2 Deluxe Samples,2016-11-11,8,40,8
lancome,Lancome,15% Off Any 3 or More Products,2016-11-10,33,229,45
lancome,Lancome,$43.20$54.00,2016-11-10,5,36,10
lancome,Lancome,$35.20$44.00,2016-11-10,5,23,5
lancome,Lancome,$39.2 + 2 Deluxe Samples,2016-11-10,7,22,5
lancome,Lancome,5 Samples,2016-11-04,2,22,6
lancome,Lancome,Today Only! 5 Deluxe Samples,2016-11-03,28,41,1
lancome,Lancome,$97.75 (reg. $185),2016-11-03,30,82,16
lancome,Lancome,Free 4 Samples＋Free Shipping,2016-11-01,7,56,12
lancome,Lancome,up to 5 samples,2016-10-31,160,449,94
lancome,Lancome,15% Off Any 3 or More Products,2016-10-30,34,120,17
lancome,Lancome,15% Off Any 3 or More Products,2016-10-30,73,179,26
lancome,Lancome,15% Off Any 3 or More Products,2016-10-30,34,108,15
lancome,Lancome,$59.5(Value over $342) 14pc Beauty Essentials,2016-10-29,34,325,84
lancome,Lancome,15% Off Any 3 or More Products,2016-10-28,131,459,126
lancome,Lancome,Up to 5 Samples + 15% Off,2016-10-23,16,75,17
lancome,Lancome,$58.65,2016-10-21,14,31,5
lancome,Lancome,$39.95,2016-10-20,12,58,4
lancome,Lancome,$56.95,2016-10-20,,19,4
lancome,Lancome,$67.15,2016-10-20,1,8,1
lancome,Lancome,$66.3,2016-10-20,1,56,9
lancome,Lancome,$35,2016-10-19,,12,3
lancome,Lancome,$22.10$26.00,2016-10-18,9,25,1
lancome,Lancome,$82,2016-10-16,4,70,13
lancome,Lancome,$15,2016-10-16,22,51,5
lancome,Lancome,15% Off Any 3 or More Products,2016-10-15,3,35,1
lancome,Lancome,15% Off Any 3 or More Products,2016-10-13,1,12,2
lancome,Lancome,Two for One!,2016-09-29,41,129,39
lancome,Lancome,$17.85$21.00,2016-09-16,4,9,
lancome,Lancome,$22.10$26.00,2016-09-16,14,65,10
lancome,Lancome,$39.95$47.00,2016-09-16,14,78,10
lancome,Lancome,$50.15,2016-09-16,,18,6
lancome,Lancome,15% Off + 10 Samples,2016-09-16,21,96,26
lancome,Lancome,Dealmoon Exclusive! 15% Off + Complimentary Samples,2016-09-16,1,46,9
lancome,Lancome,Dealmoon Exclusive! 15% Off + Complimentary Samples,2016-09-16,2,26,7
lancome,Lancome,Dealmoon Exclusive! 15% Off + Complimentary Sample,2016-09-16,111,339,211
lancome,Lancome,$67.15,2016-09-16,6,38,8
lancome,Lancome,$56.95,2016-09-16,,9,7
lancome,Lancome,Dealmoon Exclusive！15% Off + Complimentary Samples,2016-09-16,,36,4
lancome,Lancome,$221,2016-09-16,3,40,5
lancome,Lancome,$12.75,2016-09-16,4,24,3
lancome,Lancome,$46.75,2016-09-16,,,1
lancome,Lancome,$17.85,2016-09-16,,7,3
lancome,Lancome,$66.3,2016-09-16,,5,
lancome,Lancome,$58.65,2016-09-16,6,25,6
lancome,Lancome,$35.7,2016-09-15,3,12,2
lancome,Lancome,$148.75$175.00,2016-09-15,2,14,7
lancome,Lancome,$53.60$67.00,2016-09-15,7,46,18
lancome,Lancome,$39.95$47.00,2016-09-15,1,33,6
lancome,Lancome,$33.15,2016-09-15,,7,1
lancome,Lancome,Dealmoon Exclusive! 15% Off + Complimentary Sample,2016-09-14,,2,
lancome,Lancome,$29.75,2016-09-14,2,14,6
lancome,Lancome,$37.40$44.00,2016-09-14,3,35,11
lancome,Lancome,$89.25$105.00,2016-09-13,3,12,1
lancome,Lancome,$27.20$32.00,2016-09-13,1,7,
lancome,Lancome,$33.15$39.00,2016-09-13,5,3,
lancome,Lancome,15% Off,2016-09-09,2,10,7
lancome,Lancome,20% Off Dealmoon Exclusive Early Access,2016-08-30,148,495,284
lancome,Lancome,$37.60$47.00,2016-08-28,34,94,19
lancome,Lancome,20% Off,2016-08-27,7,97,24
lancome,Lancome,$84.00$105.00,2016-08-26,10,52,21
lancome,Lancome,20% Off,2016-08-25,16,94,16
lancome,Lancome,$12.00$15.00,2016-08-25,15,87,15
lancome,Lancome,$16.8 Dealmoon Exclusive Early Access,2016-08-24,18,33,14
lancome,Lancome,$37.60$47.00,2016-08-24,27,105,15
lancome,Lancome,$62.40$78.00,2016-08-24,2,30,5
lancome,Lancome,$20.80$26.00,2016-08-24,12,69,23
lancome,Lancome,$24.40$30.50,2016-08-23,5,83,9
lancome,Lancome,$55.20$69.00,2016-08-23,,20,6
lancome,Lancome,20% Off,2016-08-23,2,12,
lancome,Lancome,$30.40$38.00,2016-08-22,4,73,5
lancome,Lancome,$25.60$32.00,2016-08-22,2,31,5
lancome,Lancome,$33.60$42.00,2016-08-21,4,33,8
lancome,Lancome,20% Off,2016-08-21,9,42,8
lancome,Lancome,$25.60$32.00,2016-08-21,2,9,1
lancome,Lancome,20% Off,2016-08-21,1,16,
lancome,Lancome,$20.80$26.00,2016-08-21,,15,
lancome,Lancome,Enjoy 4 Beach-Essential Samples And Free Shipping,2016-08-19,3,39,10
lancome,Lancome,Free Full-Size SPF 50 Sunscreen,2016-08-12,5,29,7
lancome,Lancome,Up to 20% Off,2016-08-10,5,17,6
lancome,Lancome,Last Day Dealmoon Exclusive！4 Génifique Samples,2016-08-09,4,332,156
lancome,Lancome,Dealmoon Exclusive！4 Génifique Samples,2016-08-09,1,42,15
lancome,Lancome,4 Génifique samples,2016-08-08,1,74,25
lancome,Lancome,Dealmoon Exclusive！4 Génifique Samples,2016-08-04,,55,4
lancome,Lancome,$82,2016-08-04,,47,19
lancome,Lancome,$52,2016-08-03,1,4,1
lancome,Lancome,Dealmoon Exclusive！4 Génifique Samples,2016-08-02,,8,3
lancome,Lancome,Dealmoon Exclusive！4 Génifique Samples,2016-08-02,,11,5
lancome,Lancome,4 Free Samples,2016-08-01,,8,2
lancome,Lancome,6 Free Travel Size Sample,2016-08-01,,5,
lancome,Lancome,Exclusive! Buy One Get One Free,2016-07-29,,147,82
lancome,Lancome,Dealmoon Exclusive! 3 Free Samples & A Beauty Bag,2016-07-27,,33,6
lancome,Lancome,25% Off,2016-07-26,,26,5
lancome,Lancome,15% Off $49,2016-07-21,,80,25
lancome,Lancome,Receive 5 Travel Size Products,2016-07-12,,55,18
lancome,Lancome,10% Off,2016-07-11,,47,13
lancome,Lancome,Up to 6 Sample & 15% Off,2016-06-29,,168,53
lancome,Lancome,Up to 6 Sample & 15% Off,2016-06-29,,57,17
lancome,Lancome,Up to 6 Sample & 15% Off,2016-06-28,,32,12
lancome,Lancome,Up to 6 Sample & 15% Off,2016-06-27,,47,11
lancome,Lancome,Up to 6 Sample & 15% Off,2016-06-27,,39,13
lancome,Lancome,Up to 6 Sample & 15% Off,2016-06-27,,10,
lancome,Lancome,Free 3 Samples + Free Shipping,2016-06-24,,5,1
lancome,Lancome,Free 4 Deluxe Samples,2016-06-22,,21,10
lancome,Lancome,$150.00$175.00,2016-06-17,,10,4
lancome,Lancome,Up to $25 Off,2016-06-16,,12,5
lancome,Lancome,Free 5 Travel-size Products + Free Shipping,2016-06-06,,5,6
lancome,Lancome,20% Off Any Purchase,2016-05-31,1,776,444
lancome,Lancome,20% Off Tonique Confort,2016-05-29,,160,61
lancome,Lancome,20% Off,2016-05-25,,55,16
lancome,Lancome,20% Off,2016-05-24,,78,25
lancome,Lancome,$33.60$42.00,2016-05-24,,60,8
lancome,Lancome,$53.6,2016-05-24,,30,12
lancome,Lancome,$55.20$69.00,2016-05-24,,47,8
lancome,Lancome,$37.6,2016-05-24,,99,21
lancome,Lancome,$16.80$21.00,2016-05-24,,120,36
lancome,Lancome,20% Off,2016-05-23,,14,7
lancome,Lancome,20% Off,2016-05-23,,20,5
lancome,Lancome,20% Off,2016-05-23,,17,8
lancome,Lancome,20% Off,2016-05-22,,20,5
lancome,Lancome,$30.40$38.00,2016-05-22,,60,5
lancome,Lancome,20% OFF Advanced Génifique Youth Activating Concentrate,2016-05-22,,28,9
lancome,Lancome,$12.00$15.00,2016-05-22,,43,4
lancome,Lancome,$20.80$26.00,2016-05-22,,12,7
lancome,Lancome,Free 5 Travel-size Products + Free Shipping,2016-05-17,,39,14
lancome,Lancome,Free 5 Deluxe Samples,2016-05-14,,20,7
lancome,Lancome,$89.25$105.00,2016-05-09,,32,13
lancome,Lancome,15% Off $49,2016-05-09,,84,24
lancome,Lancome,Today only! 15% Off,2016-05-09,,127,72
lancome,Lancome,$58.68$69.00,2016-05-09,,44,10
lancome,Lancome,15% Off,2016-05-09,,26,11
lancome,Lancome,15% Off $49,2016-05-09,,15,5
lancome,Lancome,Up to 8 Free Gifts,2016-05-07,,78,27
lancome,Lancome,Free 4 Deluxe Samples,2016-05-04,,42,17
lancome,Lancome,Free 5 Deluxe Samples,2016-05-02,,12,3
lancome,Lancome,15% Off,2016-04-28,,223,101
lancome,Lancome,15% Off,2016-04-27,,46,15
lancome,Lancome,15% Off $49,2016-04-27,,17,3
lancome,Lancome,$84.15$99.00,2016-04-27,,15,9
lancome,Lancome,$89.25$105.00,2016-04-27,,37,13
lancome,Lancome,15% Off $49,2016-04-26,,24,11
lancome,Lancome,$58.68$69.00,2016-04-26,,20,6
lancome,Lancome,15% Off,2016-04-22,,69,12
lancome,Lancome,Free 7 pcs Gift ($133 Value),2016-04-20,,533,143
lancome,Lancome,$21 + GWP,2016-04-09,,68,22
lancome,Lancome,New Release,2016-04-06,3,116,60
lancome,Lancome,Free 4 Deluxe Samples,2016-04-02,,41,18
lancome,Lancome,Dealmoon Exclusive! 3 Advanced Genifique Samples + Beach Tote + Free Shipping,2016-03-30,,509,293
lancome,Lancome,15% Off + Free 5 Samples,2016-03-30,,198,55
lancome,Lancome,$21,2016-03-30,,166,36
lancome,Lancome,$30.5,2016-03-29,,97,16
lancome,Lancome,Free 3 Advanced Genifique Samples + Beach Tote + Free Shipping,2016-03-29,,133,55
lancome,Lancome,15% OFF + Free 3 Advanced Genifique Samples + Beach Tote + Free Shipping,2016-03-29,,89,26
lancome,Lancome,$58.65$69.00,2016-03-29,,24,6
lancome,Lancome,$84.15$99.00,2016-03-29,,12,2
lancome,Lancome,$67.15$79.00,2016-03-29,,18,4
lancome,Lancome,$74.80$88.00,2016-03-29,,25,2
lancome,Lancome,$56.95$67.00,2016-03-28,,34,6
lancome,Lancome,$35 + Free 3 Advanced Genifique Samples + Beach Tote + Free Shipping,2016-03-28,,35,9
lancome,Lancome,15% Off,2016-03-28,,136,58
lancome,Lancome,$66.30$78.00,2016-03-28,,34,12
lancome,Lancome,Free 5 Deluxe Samples,2016-03-22,,39,11
lancome,Lancome,Free 9 Deluxe Samples,2016-03-14,,111,35
lancome,Lancome,20% OFF Advanced Génifique Youth Activating Concentrate,2016-03-10,,129,40
lancome,Lancome,Dealmoon Exclusive! 20% Off + Free Shipping,2016-03-10,,680,295
lancome,Lancome,$47,2016-03-10,,40,8
lancome,Lancome,$44,2016-03-10,,48,21
lancome,Lancome,20% Off,2016-03-09,,96,14
lancome,Lancome,Dealmoon Exclusive! 20% Off,2016-03-09,,7,1
lancome,Lancome,$32,2016-03-08,,9,1
lancome,Lancome,Dealmoon Exclusive! 20% Off,2016-03-07,,74,22
lancome,Lancome,$44.80$56.00,2016-03-07,,19,4
lancome,Lancome,Free 4 Deluxe Samples,2016-03-07,,48,12
lancome,Lancome,Free 5 Deluxe Samples,2016-03-03,,28,16
lancome,Lancome,Up to 4 Dexlue Sample + Extra 15% Off,2016-02-27,,213,66
lancome,Lancome,20% Off,2016-02-23,,103,25
lancome,Lancome,Free 4 Deluxe Samples,2016-02-20,,40,16
lancome,Lancome,Up to $25 Off,2016-02-16,,61,21
lancome,Lancome,Free Lancome VISIONNAIRE NUIT Beauty Sleep Perfector™ Sample,2016-02-13,1,314,136
lancome,Lancome,Free 3 Deluxe Samples,2016-02-10,,53,9
lancome,Lancome,15% Off + Free 3 Samples + Free Shipping,2016-02-10,,423,180
lancome,Lancome,15% OFF,2016-02-10,,58,17
lancome,Lancome,15% Off+3 Free Samples,2016-02-09,,63,34
lancome,Lancome,15% Off + 3 Free Samples,2016-02-09,,71,14
lancome,Lancome,15% Off + Free 3-pcs Gift,2016-02-08,,99,18
lancome,Lancome,15% Off,2016-01-29,,158,50
lancome,Lancome,15% Off,2016-01-29,,38,11
lancome,Lancome,15% Off,2016-01-29,,29,10
lancome,Lancome,Free 7-piece Deluxe Sample Gift + Free Shipping,2016-01-27,,326,117
lancome,Lancome,Free 7-piece Deluxe Sample Gift + Free Shipping,2016-01-19,,57,29
lancome,Lancome,15% off + 5 Deluxe Samples,2016-01-13,,301,157
lancome,Lancome,Up to 15% off + 6 Deluxe Samples,2016-01-11,,135,52
lancome,Lancome,Up to 15% off + 6 Deluxe Samples,2016-01-11,,51,17
lancome,Lancome,15% off + 6 Deluxe Samples,2016-01-09,,100,37
lancome,Lancome,Up to 8 Deluxe Samples,2016-01-07,,77,38
lancome,Lancome,Free 4 Deluxe Samples,2015-12-31,,13,5
lancome,Lancome,Free 4 Deluxe Samples,2015-12-30,,27,11
lancome,Lancome,20% Off,2015-12-30,,429,225
lancome,Lancome,20% Off Tonique Confort,2015-12-30,,84,20
lancome,Lancome,$52 + 2 Deluxe Samples,2015-12-29,,27,8
lancome,Lancome,$37.2 + 2 Free Deluxe Samples,2015-12-29,,155,39
lancome,Lancome,20% Off + 2 Deluxe Samples,2015-12-29,,64,21
lancome,Lancome,20% OFF Advanced Génifique Youth Activating Concentrate,2015-12-28,,41,18
lancome,Lancome,20% Off,2015-12-27,,71,22
lancome,Lancome,$55.20$69.00,2015-12-26,,37,8
lancome,Lancome,Free L'Extrait sample & Delsey bag,2015-12-24,,18,11
lancome,Lancome,Free 6-pc Deluxe Sample,2015-12-23,,107,28
lancome,Lancome,Up to 8 Deluxe Samples,2015-12-16,,50,21
lancome,Lancome,Up to $25 Off,2015-12-15,,24,10
lancome,Lancome,Dealmoon Exclusive! 15% Off with any orders + Free 7 Samples,2015-12-14,,386,154
lancome,Lancome,15% OFF Visionnaire,2015-12-13,,29,10
lancome,Lancome,15% Off + 7 deluxe samples,2015-12-13,,62,4
lancome,Lancome,15% Off + 7 deluxe samples,2015-12-13,,40,8
lancome,Lancome,15% Off + 7 deluxe samples,2015-12-12,,90,7
lancome,Lancome,15% Off Tonique Confort,2015-12-12,,69,21
lancome,Lancome,15% OFF RÉNERGIE LIFT MULTI-ACTION,2015-12-11,,10,
lancome,Lancome,15% Off,2015-12-11,,21,6
lancome,Lancome,15% OFF Advanced Génifique Youth Activating Concentrate,2015-12-11,,17,4
lancome,Lancome,$55.25$65.00,2015-12-11,,11,4
lancome,Lancome,Friends & Family EXTENDED! 20% Off,2015-12-10,,1090,272
lancome,Lancome,20% Off,2015-12-09,,150,17
lancome,Lancome,20% OFF Advanced Génifique Youth Activating Concentrate,2015-12-09,,111,16
lancome,Lancome,4 Deluxe Samples,2015-12-05,,54,5
lancome,Lancome,Free Full-size Bienfait Pure Focus ($46 value),2015-11-30,,51,4
lancome,Lancome,20% Off Tonique Confort,2015-11-29,,157,28
lancome,Lancome,$37.2,2015-11-29,,70,16
lancome,Lancome,$52,2015-11-29,,24,10
lancome,Lancome,$55.20$69.00,2015-11-29,,27,2
lancome,Lancome,Receive a Free Le Curler & Cils Booster XL Deluxe Sample,2015-11-27,,63,9
lancome,Lancome,Free Full-size Bienfait Multi-Vital Eye ($40 value),2015-11-26,,50,17
lancome,Lancome,5 Deluxe Sample($99 value),2015-11-22,,160,20
lancome,Lancome,Dealmoon Exclusive！4 Beauty Samples($45 value)+A Travel Bag,2015-11-21,,124,14
lancome,Lancome,$59.50,2015-11-21,,158,28
lancome,Lancome,Up to 8 Deluxe Stocking,2015-11-19,,294,40
lancome,Lancome,Receive a Visionnaire Nuit Deluxe Sample,2015-11-18,,62,3
lancome,Lancome,20% OFF ADVANCED GÉNIFIQUE EYE LIGHT PEARL,2015-11-12,,27,3
lancome,Lancome,20% OFF RÉNERGIE LIFT MULTI-ACTION NIGHT,2015-11-12,,10,
lancome,Lancome,20% Off Génifique Eye Youth Activating Eye Concentrate,2015-11-12,,10,1
lancome,Lancome,20% Off Tonique Confort,2015-11-12,,42,5
lancome,Lancome,20% OFF Advanced Génifique Youth Activating Concentrate,2015-11-12,,73,11
lancome,Lancome,20% Off,2015-11-12,,606,172
lancome,Lancome,20% Off,2015-11-11,,53,5
lancome,Lancome,20% Off + Free Genifique Eye and Visionnaire Serum with $35 Purchase,2015-11-10,,30,7
lancome,Lancome,Free 8 Deluxe Samples,2015-11-09,,117,20
lancome,Lancome,Free 5-Pc Traval Size Gift,2015-11-04,,58,10
lancome,Lancome,Free 4 Deluxe Skincare and Beauty Products,2015-11-03,,64,11
lancome,Lancome,From $30,2015-11-03,,127,12
lancome,Lancome,15% Off,2015-10-31,,391,5
lancome,Lancome,15% Off,2015-10-29,,97,
lancome,Lancome,Free 9 travel size with $39 purchase,2015-10-28,,83,1
lancome,Lancome,Free 8 Deluxe Samples,2015-10-26,,124,
lancome,Lancome,Up to $25 Off,2015-10-23,,55,1
lancome,Lancome,Free 7 Deluxe Samples,2015-10-19,,187,
lancome,Lancome,Free 4 Deluxe Skincare and Beauty Products,2015-10-06,,39,
lancome,Lancome,9 Travel Size Samples,2015-09-30,,83,
lancome,Lancome,Dealmoon Exclusive! 20% Off Sitewide,2015-09-28,,415,
lancome,Lancome,20% Off + 9 Deluxe Samples,2015-09-28,,67,1
lancome,Lancome,20% OFF Tonique Confort,2015-09-28,,121,
lancome,Lancome,20% Off + Free 9-pcs Gift,2015-09-28,,61,
lancome,Lancome,20% OFF Advanced Génifique Youth Activating Concentrate,2015-09-28,,51,
lancome,Lancome,$37.2 + 9-pcs Gift + Free Shipping,2015-09-28,,140,
lancome,Lancome,$39.2 + 9-pcs Gift + Free Shipping,2015-09-27,,156,
lancome,Lancome,$49.6 + 9-pcs Gift + Free Shipping,2015-09-27,,38,
lancome,Lancome,$124 + 9-pcs Gift + Free Shipping,2015-09-27,,13,
lancome,Lancome,$24 + Up to 9-pcs Gift,2015-09-27,,12,
lancome,Lancome,$35.2 + 9-pcs Gift + Free Shipping,2015-09-27,,40,
lancome,Lancome,20% Off + Free 9-pcs Gift,2015-09-27,,26,
lancome,Lancome,$20 + Up to 9-pcs Gift,2015-09-27,,12,
lancome,Lancome,20% Off + Free 9-pcs Gift,2015-09-27,,15,
lancome,Lancome,20% OFF Génifique Yeux Youth Activating Eye Concentrate,2015-09-26,,46,
lancome,Lancome,20% OFF,2015-09-26,,15,
lancome,Lancome,20% OFF Bi-Facil Double-Action Eye Makeup Remover,2015-09-26,,44,
lancome,Lancome,Free,2015-09-23,,76,1
lancome,Lancome,15% Off,2015-09-22,,42,
lancome,Lancome,15% Off,2015-09-19,,225,
lancome,Lancome,Free 4 Deluxe Skincare and Beauty Products,2015-09-18,,21,
lancome,Lancome,$37.40$44.00,2015-09-17,,140,
lancome,Lancome,5 Travel-size Eye Essentials,2015-09-14,,19,
lancome,Lancome,5 Travel-size Eye Essentials + Free shipping,2015-09-12,,75,
lancome,Lancome,15% Off $49,2015-09-11,,109,
lancome,Lancome,$131.75 + 6-pcs Gift + Free Shipping,2015-09-11,,3,
lancome,Lancome,$99.45 + 6-pcs Gifts,2015-09-11,,5,
lancome,Lancome,15% OFF Génifique Yeux Youth Activating Eye Concentrate,2015-09-10,,17,
lancome,Lancome,15% OFF Advanced Génifique Youth Activating Concentrate,2015-09-10,,28,
lancome,Lancome,$67.15 + Free 6-pcs Gifts + Free Shipping,2015-09-10,,6,
lancome,Lancome,Dealmoon Exclusive! 15% OFF any order,2015-09-01,,279,
lancome,Lancome,15% OFF Bi-Facil Double-Action Eye Makeup Remover,2015-08-31,,5,
lancome,Lancome,15% OFF Tonique Confort,2015-08-31,,56,
lancome,Lancome,15% OFF Génifique Yeux Youth Activating Eye Concentrate,2015-08-30,,29,
lancome,Lancome,15% OFF Advanced Génifique Youth Activating Concentrate,2015-08-30,,45,
lancome,Lancome,15% OFF Hydra Zen Masque Back in Stock!,2015-08-30,,88,
lancome,Lancome,$21.25$25.00,2015-08-29,,46,
lancome,Lancome,Up to 20% Off,2015-08-28,,116,
lancome,Lancome,4 Deluxe Samples,2015-08-27,,18,
lancome,Lancome,$244.80$288.00,2015-08-25,,6,
lancome,Lancome,$193.60$242.00,2015-08-25,,17,
lancome,Lancome,Free 4 Deluxe Skincare and Beauty Products,2015-08-24,,40,
lancome,Lancome,Free 7 Deluxe Skincare and Beauty Products,2015-08-15,,179,
lancome,Lancome,$38.5 + Free Luxury Gifts,2015-08-14,,17,
lancome,Lancome,$31 + Free Luxury Gifts,2015-08-14,,19,
lancome,Lancome,$32 + Free Gifts,2015-08-14,,33,
lancome,Lancome,20% Off,2015-08-10,,331,
lancome,Lancome,20% Off,2015-08-09,,15,
lancome,Lancome,20% Off,2015-08-09,,132,
lancome,Lancome,$20.00$25.00,2015-08-09,,63,
lancome,Lancome,20% Off,2015-08-09,,95,
lancome,Lancome,20% OFF,2015-08-09,,121,
lancome,Lancome,20% Off,2015-08-08,,80,1
lancome,Lancome,$44.80$56.00,2015-08-08,,33,
lancome,Lancome,$47.20$59.00,2015-08-07,,29,
lancome,Lancome,20% Off,2015-08-06,,12,
lancome,Lancome,20% Off,2015-08-06,,25,
lancome,Lancome,$35.20$44.00,2015-08-06,,39,
lancome,Lancome,$24.80$31.00,2015-08-06,,17,
lancome,Lancome,$23.20$29.00,2015-08-05,,18,
lancome,Lancome,20% Off,2015-08-05,,24,
lancome,Lancome,20% Off,2015-08-05,,18,
lancome,Lancome,20% Off,2015-08-05,,9,
lancome,Lancome,20% Off,2015-08-05,,22,
lancome,Lancome,$22.00$27.50,2015-08-05,,13,
lancome,Lancome,$62.40$78.00,2015-08-05,,11,
lancome,Lancome,$36.80$46.00,2015-08-05,,11,
lancome,Lancome,Free 4-pc Gift Set,2015-08-03,,28,
lancome,Lancome,$35 + 4-pcs Gift,2015-08-01,,56,
lancome,Lancome,Dealmoon Exclusive! Receive a 4 Piece Exclusive Travel Size Sample Set,2015-07-31,,182,
lancome,Lancome,$38,2015-07-29,,23,
lancome,Lancome,15% Off,2015-07-28,,85,
lancome,Lancome,Free 4-pcs Gift,2015-07-28,,17,
lancome,Lancome,Free 4-pcs Gift,2015-07-28,,28,
lancome,Lancome,Free 4-pcs Gift,2015-07-28,,8,
lancome,Lancome,$36.5,2015-07-28,,14,
lancome,Lancome,$38,2015-07-28,,38,
lancome,Lancome,15% Off $49,2015-07-28,,1,
lancome,Lancome,$66.30$78.00,2015-07-28,,34,
lancome,Lancome,$21.25$25.00,2015-07-27,,27,
lancome,Lancome,$47.60$56.00,2015-07-27,,13,
lancome,Lancome,$58.65$69.00,2015-07-27,,11,
lancome,Lancome,Dealmoon Early Access!,2015-07-26,,320,
lancome,Lancome,Free Full-size Color Design Infinité Eye Shadow + Free 7-piece Gifts,2015-07-21,,21,
lancome,Lancome,Free 7 Deluxe Skincare and Beauty Products,2015-07-20,,76,
lancome,Lancome,Free 4-pcs Travel Size Gift Set,2015-07-17,,14,
lancome,Lancome,Dealmoon Exclusive!Free 5 Travel Size Products,2015-07-16,,67,
lancome,Lancome,Free 6-piece Deluxe Samples,2015-07-14,,28,
lancome,Lancome,15% Off,2015-07-10,,32,
lancome,Lancome,$66.30$78.00,2015-07-10,,6,
lancome,Lancome,Free 4-pcs Travel Size Gift Set,2015-07-09,,9,
lancome,Lancome,Free 5-pcs Travel Size Gift Set,2015-07-02,,9,
lancome,Lancome,Free 9 Deluxe Skincare and Beauty Products + Free Shipping,2015-06-30,,41,
lancome,Lancome,Free 9 Deluxe Skincare and Beauty Products + Free Shipping,2015-06-30,,57,
lancome,Lancome,Free 4-pcs Travel Size Gift Set,2015-06-29,,12,
lancome,Lancome,Free 5 Color Design Lipstick Samples,2015-06-25,,8,
lancome,Lancome,Free 5 Pc Gift,2015-06-24,,5,
lancome,Lancome,DEALMOON EXCLUSIVE! Free 4 Deluxe GÉNIFIQUE Samples,2015-06-23,,142,
lancome,Lancome,DEALMOON EXCLUSIVE! Free 4 Deluxe GÉNIFIQUE Samples,2015-06-23,,96,
lancome,Lancome,4 Free Deluxe Samples with,2015-06-22,,36,
lancome,Lancome,$62 + Free 4 deluxe Genifique Samples,2015-06-21,,20,
lancome,Lancome,$55+ Free 4 deluxe Genifique samples,2015-06-21,,23,
lancome,Lancome,$43.99$78.00,2015-06-20,,48,
lancome,Lancome,15% Off $49,2015-06-19,,4,
lancome,Lancome,$42.50$50.00,2015-06-19,,7,
lancome,Lancome,$66.30$78.00,2015-06-19,,3,
lancome,Lancome,8 Hours Only! 15% Off $49,2015-06-19,,18,
lancome,Lancome,Free 5 Travel-Size Products ($94 Value),2015-06-11,,14,
lancome,Lancome,Free 4 Deluxe Skincare Samples,2015-06-09,,23,
lancome,Lancome,Free 5 Pc Gift,2015-06-09,,14,
lancome,Lancome,20% Off,2015-05-31,,98,
lancome,Lancome,20% Off,2015-05-30,,247,
lancome,Lancome,20% Off,2015-05-30,,74,
lancome,Lancome,$20.00$25.00,2015-05-30,,51,
lancome,Lancome,20% Off,2015-05-30,,24,
lancome,Lancome,20% Off,2015-05-30,,48,
lancome,Lancome,$44.00$55.00,2015-05-30,,16,
lancome,Lancome,20% Off,2015-05-30,,30,
lancome,Lancome,20% Off,2015-05-29,,25,
lancome,Lancome,20% Off,2015-05-29,,70,
lancome,Lancome,Receive 6 Deluxe Samples,2015-05-21,,58,
lancome,Lancome,Receive 5 Deluxe Samples,2015-05-15,,11,
lancome,Lancome,Ending Soon! Dealmoon Exclusive! 15% Off,2015-05-11,,81,
lancome,Lancome,$67.15$79.00,2015-05-11,,3,
lancome,Lancome,$46.75$55.00,2015-05-11,,1,
lancome,Lancome,$57.80$68.00,2015-05-11,,5,1
lancome,Lancome,$52.7,2015-05-11,,4,
lancome,Lancome,$42.50$50.00,2015-05-11,,4,
lancome,Lancome,$39.52$46.50,2015-05-10,,29,
lancome,Lancome,15% Off,2015-05-10,,16,
lancome,Lancome,15% Off,2015-05-10,,15,
lancome,Lancome,Free 9 Deluxe Skincare and Beauty Products + Free Shipping,2015-05-10,,283,
lancome,Lancome,$46.50,2015-05-08,,86,
lancome,Lancome,Free 4-pc Gift Set ($54 Value),2015-05-06,,46,
lancome,Lancome,Free 5-Piece Deluxe Sample Set,2015-05-05,,13,
lancome,Lancome,Free 4-pc Gift Set,2015-05-03,,26,
lancome,Lancome,$66.30$78.00,2015-04-29,,18,
lancome,Lancome,Today Only! 15% Off $49 + Free Shipping,2015-04-29,,40,
lancome,Lancome,$46.75$55.00,2015-04-29,,26,
lancome,Lancome,$67.15$79.00,2015-04-29,,7,
lancome,Lancome,$58.65$69.00,2015-04-29,,5,
lancome,Lancome,$55.25$65.00,2015-04-29,,6,
lancome,Lancome,Free 4 Samples,2015-04-22,,69,
lancome,Lancome,$46.50,2015-04-21,,40,
lancome,Lancome,Free 7-pc Gift Set,2015-04-21,,145,
lancome,Lancome,Free 8 Deluxe Gifts (a $145 Value),2015-03-27,,97,
lancome,Lancome,DEALMOON EXCLUSIVE! Free 4 Deluxe GÉNIFIQUE Samples,2015-03-21,,74,
lancome,Lancome,$62,2015-03-20,,21,
lancome,Lancome,$89,2015-03-20,,7,
lancome,Lancome,$78,2015-03-19,,17,
lancome,Lancome,$55,2015-03-19,,12,
lancome,Lancome,5 Hours Only! 15% Off $49 + Free Shipping,2015-03-18,,24,
lancome,Lancome,$46.75$55.00,2015-03-18,,10,
lancome,Lancome,$66.30$78.00,2015-03-18,,7,
lancome,Lancome,$55.25$65.00,2015-03-18,,9,
lancome,Lancome,$67.15$79.00,2015-03-18,,3,
lancome,Lancome,Free 5-Piece Deluxe Sample Set,2015-03-16,,162,
lancome,Lancome,Dealmoon Exclusive! Up to $25 Off,2015-03-13,,47,1
lancome,Lancome,$69.00$79.00,2015-03-13,,9,
lancome,Lancome,$68.00$78.00,2015-03-12,,13,
lancome,Lancome,From $51,2015-03-12,,47,
lancome,Lancome,Free 5-Piece Deluxe Sample Set,2015-03-10,,14,
lancome,Lancome,"$10 Off $75, $15 Off $100, and $25 off $150",2015-03-07,,38,
lancome,Lancome,$68.00$78.00,2015-03-05,,31,
lancome,Lancome,Free 5 Travel-size Samples,2015-02-27,,14,
lancome,Lancome,DEALMOON EXCLUSIVE! Free 4 Deluxe GÉNIFIQUE Samples,2015-02-26,,81,
lancome,Lancome,$78 + 4 Genifique Samples,2015-02-26,,11,
lancome,Lancome,$65 + Free 4 Genifique Concentrate Sample,2015-02-26,,15,
lancome,Lancome,Free 9 Travel-size Samples,2015-02-25,,88,
lancome,Lancome,Free 5 Travel-size Samples,2015-02-23,,45,
lancome,Lancome,DEALMOON EXCLUSIVE! Free 5 Deluxe GÉNIFIQUE Samples,2015-02-20,,139,
lancome,Lancome,$65 + Free 5 Genifique Concentrate Sample,2015-02-20,,32,
lancome,Lancome,$78 + 5 Genifique Samples,2015-02-19,,21,
lancome,Lancome,From $66,2015-02-14,1,18,
lancome,Lancome,Up to $25 Off,2015-02-10,,19,
lancome,Lancome,$68,2015-02-10,,24,
lancome,Lancome,5 Hours Only! 15% Off $49 + Free Shipping,2015-02-06,,26,
lancome,Lancome,5 Hours Only! $66.3,2015-02-06,,13,
lancome,Lancome,$55.25$65.00,2015-02-06,,11,
lancome,Lancome,$46.75$55.00,2015-02-06,,4,
lancome,Lancome,$57.80$68.00,2015-02-06,,14,
lancome,Lancome,Only 5 Hours! $52.7,2015-02-06,,17,
lancome,Lancome,Only 5 Hours! $67.15,2015-02-06,,7,
lancome,Lancome,Free 4 Pc Gift,2015-02-04,,8,
lancome,Lancome,5 Hours Only! 15% Off $49 + Free Shipping,2015-01-30,,35,
lancome,Lancome,5 Hours Only!$66.3,2015-01-30,,21,
lancome,Lancome,$32,2015-01-30,,9,
lancome,Lancome,$67.15$79.00,2015-01-30,,2,
lancome,Lancome,Free 5 Piece Gift Set,2015-01-28,,173,
lancome,Lancome,$78 + Free 7pc Sample,2015-01-22,,39,
lancome,Lancome,Free Two Travel-size Advanced Genefique,2015-01-16,,49,
lancome,Lancome,$44+Free Genifique Travel Size Duo,2015-01-15,,10,
lancome,Lancome,Free 4 Travel Size Samples,2015-01-12,,8,
lancome,Lancome,Free 6 Travel-Size Skincare and Make Sample,2015-01-12,,79,
lancome,Lancome,$78 + Free 8pc Sample,2015-01-08,,35,
lancome,Lancome,Free 4 Deluxe Sample,2015-01-08,,40,
lancome,Lancome,Free 5 Travel Size Samples,2015-01-02,,20,
lancome,Lancome,Free Genifique Travel Size Duo,2014-12-27,,40,
lancome,Lancome,$43+Free Genifique Travel Size Duo,2014-12-24,,22,
lancome,Lancome,6 Free Deluxe Samples,2014-12-20,,69,
lancome,Lancome,Free 8 Deluxe Travel-Size Beauty and Skincare Products + Free Shipping,2014-12-18,,76,
lancome,Lancome,Free 6 Deluxe Travel-Size Beauty and Skincare Products + Free Shipping,2014-12-15,,27,
lancome,Lancome,$120.00$163.00,2014-12-14,,27,
lancome,Lancome,$20.00$25.00,2014-12-10,,126,
lancome,Lancome,20% Off,2014-12-10,,400,
lancome,Lancome,$30.40$38.00,2014-12-09,,5,
lancome,Lancome,$67.20$84.00,2014-12-09,,91,
lancome,Lancome,$52.00$65.00,2014-12-08,,32,
lancome,Lancome,$34.00$42.50,2014-12-08,,64,
lancome,Lancome,$25.60$32.00,2014-12-02,,23,
lancome,Lancome,Free Eyelash Curler and Cils Booster XL Deluxe Sample,2014-11-30,,25,
lancome,Lancome,Free Full Size Bi-Facil,2014-11-28,,29,
lancome,Lancome,Free 8 Travel-Size Skincare and Make Sample,2014-11-24,,39,
lancome,Lancome,5 Free Deluxe Samples,2014-11-24,,33,
lancome,Lancome,5 Free Deluxe Samples,2014-11-24,,39,
lancome,Lancome,Free 2 Deluxe Genifique Concentrate + 2 Eye Concentrate Samples + Extra Sample + Free Shipping,2014-11-24,,156,
lancome,Lancome,$35 + 5 Free Deluxe Samples,2014-11-24,,30,
lancome,Lancome,$38 + 5 Free Deluxe Samples,2014-11-24,,31,
lancome,Lancome,$35 + 5 Free Deluxe Samples,2014-11-24,,8,
lancome,Lancome,$43 + 5 Free Deluxe Samples,2014-11-24,,63,
lancome,Lancome,$42 + 5 Free Deluxe Samples,2014-11-24,,36,
lancome,Lancome,$55 + 5 Free Deluxe Samples,2014-11-23,,15,
lancome,Lancome,$38.50 + 5 Free Deluxe Samples,2014-11-23,,21,
lancome,Lancome,$38 + 5 Free Deluxe Samples,2014-11-23,,27,
lancome,Lancome,$38 + 5 Free Deluxe Samples,2014-11-22,,5,
lancome,Lancome,$39+ 5 Free Deluxe Samples,2014-11-22,,10,
lancome,Lancome,$35 + 5 Free Deluxe Samples,2014-11-22,,3,
lancome,Lancome,$38 + 5 Free Deluxe Samples,2014-11-22,,21,
lancome,Lancome,$39 + 5 Free Deluxe Samples,2014-11-22,,13,
lancome,Lancome,4 Free Deluxe Samples,2014-11-20,,23,
lancome,Lancome,Receive 8 travel-size skincare and makeup products,2014-11-18,,38,
lancome,Lancome,5 Free Deluxe Samples,2014-11-14,,12,
lancome,Lancome,Up to $25 OFF +Free 4 Genifique samples,2014-11-12,,92,
lancome,Lancome,Receive 4 Free Deluxe Samples,2014-11-10,,36,
lancome,Lancome,Receive 8 travel-size skincare and makeup products,2014-11-08,,24,
lancome,Lancome,15% OFF,2014-11-07,,11,
lancome,Lancome,From $110+ Free 4-Piece Deluxe Gift,2014-11-06,,54,
lancome,Lancome,Free 7-Piece Gift Set,2014-11-01,,133,
lancome,Lancome,4 Free Deluxe Samples,2014-10-20,,26,
lancome,Lancome,Free 10 travel-size products + Free Shipping,2014-10-19,,39,
lancome,Lancome,9 Free Deluxe Samples,2014-10-17,,8,
lancome,Lancome,$36.5+ 6 Free Deluxe Genifique samples,2014-10-15,,4,
lancome,Lancome,$35+ 6 Free Deluxe Genifique samples,2014-10-15,,1,
lancome,Lancome,$38 + Free 6 deluxe Genifique samples,2014-10-15,,,
lancome,Lancome,DEALMOON EXCLUSIVE! Free 6 Deluxe GÉNIFIQUE Samples,2014-10-15,,69,
lancome,Lancome,$35+ 6 Free Deluxe Genifique samples,2014-10-15,,2,
lancome,Lancome,$68 + Free 6 deluxe Genifique samples,2014-10-14,,5,
lancome,Lancome,$60 + Free 6 deluxe Genifique samples,2014-10-14,,1,
lancome,Lancome,$39 + Free 6 deluxe Genifique samples,2014-10-14,,6,
lancome,Lancome,$65 + Free 6 deluxe Genifique samples,2014-10-14,,2,
lancome,Lancome,$55 + Free 6 deluxe Genifique samples,2014-10-14,,7,
lancome,Lancome,$43 + 6 Deluxe Genifique samples,2014-10-14,,11,
lancome,Lancome,15% OFF,2014-10-14,,3,
lancome,Lancome,$46.75$55.00,2014-10-14,,12,
lancome,Lancome,15% Off,2014-10-14,,1,
lancome,Lancome,$55.25$65.00,2014-10-14,,,
lancome,Lancome,$57.80$68.00,2014-10-14,,2,
lancome,Lancome,$42.50$50.00,2014-10-14,,8,
lancome,Lancome,15% Off,2014-10-14,,,
lancome,Lancome,5 Free Deluxe Samples,2014-10-13,,4,
lancome,Lancome,Free 5 deluxe discovery-sizes of makeup and skincare,2014-10-10,,16,
lancome,Lancome,DEALMOON EXCLUSIVE! Free 5 Deluxe GÉNIFIQUE Samples,2014-10-04,,70,
lancome,Lancome,$43,2014-10-04,,23,
lancome,Lancome,$68,2014-10-03,,7,
lancome,Lancome,$39,2014-10-03,,13,
lancome,Lancome,$60,2014-10-03,,4,
lancome,Lancome,$89,2014-10-03,,1,
lancome,Lancome,$84,2014-10-03,,2,
lancome,Lancome,$55,2014-10-03,,12,
lancome,Lancome,4 Free Deluxe Samples,2014-10-01,,4,
lancome,Lancome,Free 5 of our best-selling products,2014-10-01,,4,
lancome,Lancome,Dealmoon Exclusive: 11 Deluxe Samples,2014-09-29,,57,
lancome,Lancome,Free 5 of our best-selling products,2014-09-24,,4,
lancome,Lancome,15% OFF,2014-09-19,,6,
lancome,Lancome,15% Off,2014-09-19,,1,
lancome,Lancome,15% Off,2014-09-19,,1,
lancome,Lancome,4 Free Deluxe Samples,2014-09-18,,4,
lancome,Lancome,Free 8 travel-size products + Free Shipping,2014-09-17,,13,
lancome,Lancome,Free 2 deluxe Genifique Concentrate + 2 Eye Concentrate samples + Extra Sample + Free Shipping,2014-09-16,,13,
lancome,Lancome,Free 3 Shades & 2 Deluxe Samlples,2014-09-15,,5,
lancome,Lancome,Mystery Gifts,2014-09-14,,3,
lancome,Lancome,Free 9 travel-size products + Free Shipping,2014-09-10,,12,
lancome,Lancome,Free 5 of our best-selling products,2014-09-09,,10,
lancome,Lancome,Free 5 travel-size products,2014-09-07,,12,
lancome,Lancome,Free 9 travel-size products + Free Shipping,2014-09-06,,12,
lancome,Lancome,$28,2014-09-06,,6,
lancome,Lancome,$60,2014-09-06,,3,
lancome,Lancome,$39,2014-09-06,,7,
lancome,Lancome,15% Off,2014-09-05,,10,
lancome,Lancome,$46.75$55.00,2014-09-05,,9,
lancome,Lancome,$42.50$50.00,2014-09-05,,9,
lancome,Lancome,$43.35$51.00,2014-09-05,,3,
lancome,Lancome,15% Off,2014-09-05,,,
lancome,Lancome,15% Off,2014-09-05,,2,
lancome,Lancome,Free 4 deluxe eye-grooming samples (a $76 value),2014-09-02,,15,
lancome,Lancome,Free 5 Travel-size Products ($92 value),2014-08-26,,8,
lancome,Lancome,Free 7 travel-size products + Free Shipping,2014-08-23,,17,
lancome,Lancome,Free 5-Piece Gift,2014-08-21,,4,
lancome,Lancome,Free 5 travel-size products,2014-08-16,,13,
lancome,Lancome,Get a complimentary eyelash curler,2014-08-12,,3,
lancome,Lancome,20% Off,2014-08-08,,47,
lancome,Lancome,Free 9 travel-size products ($162 value),2014-08-01,,8,
lancome,Lancome,BOGO Free,2014-07-31,,3,
lancome,Lancome,Up to $25 OFF,2014-07-31,,5,
lancome,Lancome,Free 4 Piece Sample (A $60 Value),2014-07-30,,13,
lancome,Lancome,Free 4 Deluxe Genifique Samples + Extra Sample + Free Shipping,2014-07-29,,28,
lancome,Lancome,From $89,2014-07-28,,4,
lancome,Lancome,Free 5 travel-size products ($106 value),2014-07-26,,3,
lancome,Lancome,Free 4-Travel-Size Essentials,2014-07-25,,4,
lancome,Lancome,Free 6-piece Gift Set + a Le Curler,2014-07-25,,9,
lancome,Lancome,Free 5-Piece Essentials + Free Shipping,2014-07-22,,6,
lancome,Lancome,DealMoon Exclusive! Up to $25 off,2014-07-16,,5,
lancome,Lancome,From $89 + Free 6-Piece Deluxe Gift (a $167 Value),2014-07-15,,1,
lancome,Lancome,Free 9-Piece Deluxe Gift (a $167 Value),2014-07-15,,16,
lancome,Lancome,BOGO Free,2014-07-15,,3,
lancome,Lancome,$84+9 Pieces Deluxe Samples,2014-07-14,,5,
lancome,Lancome,15% Off + Free Shipping,2014-07-11,,2,
lancome,Lancome,Best Selling Definicils Mascara + an Eyelash Curler,2014-07-08,,15,
lancome,Lancome,FREE Visionnaire Eye,2014-07-08,,7,
lancome,Lancome,Buy 1 Get 1 Free,2014-07-07,,2,
lancome,Lancome,BOGO Free,2014-07-05,,11,
lancome,Lancome,CILS BOOSTER XL Mascara Primer,2014-07-05,,2,
lancome,Lancome,Free 5-Piece Travel Essentials + Free Shipping,2014-07-02,,5,
lancome,Lancome,BOGO Free,2014-07-01,,12,
lancome,Lancome,Free Renergie Lift Multi-Action Duo($56 value) + Free Shipping,2014-07-01,,4,
lancome,Lancome,15% Off + Free Shipping,2014-06-28,,5,
lancome,Lancome,10% Off,2014-06-27,,,
lancome,Lancome,Free 5-Piece Travel Essentials + Free Shipping + Free Genifique Eye Cream,2014-06-25,,3,
lancome,Lancome,Free 4 Deluxe Genifique Samples + Extra Sample + Free Shipping,2014-06-25,,27,
lancome,Lancome,$55 + Free 4 deluxe Genifique samples($156 value),2014-06-25,,1,
lancome,Lancome,$25 + Free 4 deluxe Genifique samples($156 value) with $49 purchase,2014-06-24,,8,
lancome,Lancome,BOGO Free,2014-06-24,,2,
lancome,Lancome,Free 5 Deluxe Samples,2014-06-23,,8,
lancome,Lancome,Free 8 Deluxe Samples,2014-06-20,,1,
lancome,Lancome,BOGO Free,2014-06-18,,9,
lancome,Lancome,Free 2 Deluxe Travel Sizes Sample,2014-06-10,,1,
lancome,Lancome,15% Off + Free Shipping,2014-06-10,,,
lancome,Lancome,Free 4 Piece Sample (A $44 Value),2014-06-08,,3,
lancome,Lancome,Up to $25 OFF,2014-06-07,,6,
lancome,Lancome,$74.00$84.00,2014-06-06,,,
lancome,Lancome,From $89,2014-06-03,,7,
lancome,Lancome,Free 5 Deluxe Samples (A $85 Value),2014-06-03,,1,
lancome,Lancome,Free 4 Piece Sample (A $108 Value),2014-05-31,,,
lancome,Lancome,20% Off,2014-05-28,,49,
lancome,Lancome,$44.00$55.00,2014-05-27,,,
lancome,Lancome,20% OFF,2014-05-26,,3,
lancome,Lancome,$20.00$25.00,2014-05-26,,15,
lancome,Lancome,$67.20$84.00,2014-05-26,,8,
lancome,Lancome,$36.80$46.00,2014-05-24,,,
lancome,Lancome,$22.40$28.00,2014-05-24,,,
lancome,Lancome,$55.20$69.00,2014-05-22,,4,
lancome,Lancome,Free 4 Deluxe Genifique Samples + Extra Sample + Free Shipping,2014-05-19,,29,
lancome,Lancome,Free 7-Day of Lancome Genifique Sample,2014-05-16,,2,
lancome,Lancome,Free 4 of Marie Claire's eye essentials and a signature cosmetic bag,2014-05-05,,2,
lancome,Lancome,Best-Selling Due Sample,2014-05-05,,14,
lancome,Lancome,15% Off + Free shipping,2014-05-01,,,
lancome,Lancome,8 FREE DELUXE SAMPLES,2014-04-29,,11,
lancome,Lancome,Up to $25 OFF with Beauty purchase,2014-04-26,,2,
lancome,Lancome,Free 4 Deluxe Genifique Samples + Extra Sample + Free Shipping,2014-04-24,,31,
lancome,Lancome,FREE 7 Piece Gift (Up to a $160 value),2014-04-23,,48,
lancome,Lancome,Free 4 pc Skincare Essentials,2014-04-11,,13,
lancome,Lancome,Free 8 skincare and makeup essentials,2014-04-05,,11,
lancome,Lancome,Free Deluxe Absolue Trio(a $120 value) + Free Shipping,2014-04-03,,9,
lancome,Lancome,Up to $25 OFF with Beauty purchase,2014-03-31,,2,
lancome,Lancome,15% Off + Free shipping,2014-03-30,,7,
lancome,Lancome,Free 8-pc Deluxe Samples & Free Shipping,2014-03-29,,7,
lancome,Lancome,Up to 40% Off,2014-03-29,,4,
lancome,Lancome,15% Off + Free Shipping,2014-03-28,,17,
lancome,Lancome,Free 6-Piece Sample & Free Shipping,2014-03-27,,12,
lancome,Lancome,Free Genifique Duo + Free Shipping,2014-03-25,,12,
lancome,Lancome,"$10 Off $75-$99, $15 Off $100-$149, $25 Off $150",2014-03-25,,14,
lancome,Lancome,Free 4 Piece Samples (a $84 value) + Free shipping,2014-03-16,,26,
lancome,Lancome,Free 4 Deluxe Genifique Samples + Extra Sample + Free Shipping,2014-03-13,,39,
lancome,Lancome,Free 4 Piece Deluxe Sample + Free Shipping,2014-03-13,,3,
lancome,Lancome,15% Off + free shipping on Orders of $49,2014-03-11,,9,
lancome,Lancome,2 Days only! Free 8 Deluxe Samples,2014-03-08,,12,
lancome,Lancome,Free 6 Pieces Gift,2014-03-04,,13,
lancome,Lancome,Free 4 Pieces Sample,2014-02-28,,13,
lancome,Lancome,"$10 Off $75-$99, $15 Off $100-$149, $25 Off $150",2014-02-27,,3,
lancome,Lancome,$205.00$230.00,2014-02-27,,,
lancome,Lancome,8 Free Deluxe Samples ($132 Value) + Free shipping,2014-02-25,,9,
lancome,Lancome,15% Off + free shipping on Orders of $49,2014-02-22,,8,
lancome,Lancome,Free 4 Piece Deluxe + A Bonus Génifique Sample + Free Shipping,2014-02-20,,17,
lancome,Lancome,FREE 5-Piece Gift+ Free Shipping,2014-02-18,,2,
lancome,Lancome,Free 5 Sample (a $124 value),2014-02-12,,10,
lancome,Lancome,Dealmoon Exclusive !,2014-02-09,,7,
lancome,Lancome,Free shipping+Free A Deluxe Sample Duo(a $34 value),2014-02-04,,5,
lancome,Lancome,15% Off $60,2014-01-31,,3,
lancome,Lancome,FREE 7 Piece Deluxe Sample Gift,2014-01-30,,30,
lancome,Lancome,Free Sample of Advanced Genifique,2014-01-30,,10,
lancome,Lancome,$120,2014-01-24,,4,
lancome,Lancome,$230.00$321.00,2014-01-23,,5,
lancome,Lancome,Dealmoon Exclusive!,2014-01-19,,15,
lancome,Lancome,Free 7 Samples,2014-01-16,,8,
lancome,Lancome,Free shipping+Free A Deluxe Sample Duo(a $32 value),2014-01-10,,3,
lancome,Lancome,3 free samples,2014-01-09,,8,
lancome,Lancome,4 free samples,2014-01-03,,6,
lancome,Lancome,Free shipping+Free A Deluxe Sample Duo(a $50 value)+one exclusive samples,2013-12-30,,5,
lancome,Lancome,Free 5 Deluxe Samples + Free Shipping,2013-12-23,,3,
lancome,Lancome,Free 6 Deluxe Samples,2013-12-19,,2,
lancome,Lancome,Free 8 Travel Size Makeup & Skincare Essentials($149 value)+ Free Shipping,2013-12-16,,4,
lancome,Lancome,Free 5 Skincare and Makeup Must Haves ($60 value),2013-12-10,,5,
lancome,Lancome,Free Cosmetic Pochette($49 value),2013-12-09,,8,
lancome,Lancome,20% Off,2013-12-07,,30,
lancome,Lancome,$65.60$82.00,2013-12-07,,8,
lancome,Lancome,25% Off,2013-12-03,,39,
lancome,Lancome,$72.00$96.00,2013-12-02,,11,
lancome,Lancome,Free Star Bronzer and Definicials Mascara ($32 value) + Travel Pochette + Deluxe Sample,2013-11-30,,4,
lancome,Lancome,Free Eyelash Curler + Free Sample,2013-11-29,,5,
lancome,Lancome,Free 4 Holiday Travel Essentials(A $54 value),2013-11-29,,3,
lancome,Lancome,Free 3 Deluxe Samples,2013-11-27,,4,
lancome,Lancome,Holiday Gift Sets,2013-11-27,,9,
lancome,Lancome,Free 4 Travel Size Makeup & Skincare Essentials($24 value),2013-11-26,,,
lancome,Lancome,Free 7 Travel Size Makeup & Skincare Essentials($154 Value),2013-11-24,,9,
lancome,Lancome,Free 5 Deluxe Samples & Free Standard Shipping,2013-11-20,,6,
lancome,Lancome,$230.00$321.00,2013-11-19,,3,
lancome,Lancome,$59.50,2013-11-17,,4,
lancome,Lancome,15% OFF,2013-11-16,,2,
lancome,Lancome,Free 3 Piece Deluxe Sample($153 value),2013-11-16,,1,
lancome,Lancome,Up To $25 Off,2013-11-15,,,
lancome,Lancome,Up to $25 off,2013-11-14,,,
lancome,Lancome,Free 8 Piece Deluxe Sample($153 value),2013-11-14,,15,
lancome,Lancome,Free Deluxe Samples($86 value),2013-11-08,,5,
lancome,Lancome,Free Deluxe Sample Duo + free shipping,2013-11-06,,,
lancome,Lancome,Free 5 Deluxe Samples,2013-11-03,,11,
lancome,Lancome,Free 8 Pieces Deluxe Gifts with orders over $49,2013-11-01,,3,
lancome,Lancome,$230.00$321.00,2013-10-31,,3,
lancome,Lancome,Free 8 Pieces Deluxe Samples with orders over $60,2013-10-30,,12,
lancome,Lancome,Holiday Gift Sets Just Lanched,2013-10-27,,4,
lancome,Lancome,$97.00$117.00,2013-10-24,,3,
lancome,Lancome,5 Piece Deluxe Sample Offer Including a Signature Cosmetic Bag,2013-10-24,,3,
lancome,Lancome,"$10 Off Orders Of $75-$99, $15 Off Orders Of $100-$149, $25 Off Orders Over $150 +",2013-10-22,,1,
lancome,Lancome,Free Deluxe Samples(Up to $99 Value),2013-10-17,,1,
lancome,Lancome,Free Deluxe Samples of Bestselling Skincare Regimen(a $96 value),2013-10-11,,1,
lancome,Lancome,5 Hours Only!,2013-10-10,,2,
lancome,Lancome,Free 5 Deluxe Samples(Up To A $49 Value),2013-10-09,,1,
lancome,Lancome,Free Anti-Aging Deluxe Duo($57 value),2013-10-04,,4,
lancome,Lancome,6 Piece Deluxe Sample Offer Including a Signature Cosmetic Bag,2013-10-01,,1,
lancome,Lancome,5 Piece Deluxe Sample Offer Including a Signature Cosmetic Bag,2013-09-27,,1,
lancome,Lancome,15% Off,2013-09-25,,,
lancome,Lancome,Lancome: Free 4 Deluxe Samples (Up To $77 Value) + 1 Extra Sample,2013-09-23,,5,
lancome,Lancome,Free 4 Deluxe Samples Of Genifique + One Free Genefique Eye Sample (up to a $156 value),2013-09-20,,4,
lancome,Lancome,Up To $25 Off,2013-09-19,,,
lancome,Lancome,Free 4 Deluxe Samples (Up To $72 Value),2013-09-17,,1,
lancome,Lancome,Free 7 Piece Deluxe Sample Including a Signature Cosmetic Bag (up to a $149 value),2013-09-15,,9,
lancome,Lancome,HOT!,2013-09-01,,8,
lancome,Lancome,Free 6 Deluxe Samples($108 Value),2013-08-29,,1,
lancome,Lancome,Free Bronze Goddess Deluxe Sample Duo(a $36 value),2013-08-28,,,
lancome,Lancome,Free 4 Deluxe Samples over $40 & Bonus over $70,2013-08-26,,3,
lancome,Lancome,12 Hours Only! Free 6 Deluxe Samples($108 value),2013-08-17,,2,
lancome,Lancome,Dealmoon Exclusive! Free 6 Deluxe Samples($108 value),2013-08-14,,5,
lancome,Lancome,5 HOURS ONLY! 15% Off $45,2013-08-08,,1,
lancome,Lancome,Free 4 Deluxe Samples,2013-08-02,,2,
lancome,Lancome,Free Deluxe Sample Duo (a $41 value),2013-08-02,,2,
lancome,Lancome,Free 4 Deluxe Samples,2013-08-01,,5,
lancome,Lancome,DealMoon Exclusive Coupon,2013-07-29,,10,
lancome,Lancome,Free 8 Piece Deluxe Sample($187 Value) + Free Standard Shipping,2013-07-27,,4,
lancome,Lancome,Free 5 Deluxe samples($97 value),2013-07-24,,,
lancome,Lancome,Free deluxe sample duo ($27 value),2013-07-22,,2,
lancome,Lancome,Free 4 Piece Deluxe Sample($94 value),2013-07-20,,1,
lancome,Lancome,Free 7 Piece Deluxe Sample(over $127 Value),2013-07-14,,3,
lancome,Lancome,Union Pay now accepted,2013-07-12,,1,
lancome,Lancome,Free Deluxe 3-pc Samples,2013-07-08,,,
lancome,Lancome,Free Deluxe sample duo($22 Value),2013-07-05,,,
lancome,Lancome,Free 6 piece sample,2013-06-29,,1,
lancome,Lancome,FREE Deluxe Sample duo,2013-06-22,,1,
lancome,Lancome,Free 4-Piece Sample (a $65 Value)+ Free Shipping,2013-06-13,,,
lancome,Lancome,One Day Only!,2013-06-11,,1,
lancome,Lancome,Free 4 Deluxe Sample($30 value),2013-06-08,,1,
lancome,Lancome,One Day Only!,2013-06-01,,1,
lancome,Lancome,"Apparel ,Beauty Sales Roundup",2013-05-31,,,
lancome,Lancome,6-Piece Sample,2013-05-30,,1,
lancome,Lancome,20% Off Sitewide,2013-05-28,,3,
lancome,Lancome,20% OFF,2013-05-22,,,
lancome,Lancome,Free Radiant Skin Deluxe Sample Duo + Free Shipping,2013-05-15,,3,
lancome,Lancome,Free 4 Piece deluxe Samples (a $66 Value),2013-05-11,,,
lancome,Lancome,Free 4 Piece deluxe Samples,2013-04-30,,,
lancome,Lancome,Free 7-piece Gift($148 Value),2013-04-29,,,
lancome,Lancome,Free 7 Piece Samples ($148 value),2013-04-22,,,
lancome,Lancome,Free 6 Piece Samples,2013-04-15,,,
lancome,Lancome,$120,2013-04-12,,,
lancome,Lancome,Mega Lash Deluxe sample duo,2013-04-01,,,
lancome,Lancome,Free 6 Piece Samples,2013-03-31,,,
lancome,Lancome,Free 5 Piece deluxe Samples,2013-03-28,,,
lancome,Lancome,Lancome GWP:,2013-03-20,,,
lancome,Lancome,FREE,2013-03-17,,,
lancome,Lancome,Free 5 Piece Sample + Extra two Samples + Free Shipping,2013-03-11,,,
lancome,Lancome,Free 7 Piece Sample + Extra three Samples + Free Shipping,2013-03-09,,,
lancome,Lancome,FREE Deluxe Sample duo,2013-03-08,,,
lancome,Lancome,FREE,2013-02-26,,,
lancome,Lancome,One Day Only!,2013-02-19,,,
lancome,Lancome,Lancome Chinese New Year Special:,2013-02-15,,,
lancome,Lancome,Free,2013-02-14,,,
lancome,Lancome,Free,2013-02-08,,,
lancome,Lancome,Free A Deluxe Sample Duo ($25 Value),2013-02-05,,,
lancome,Lancome,Free 3-Piece Gift + Free Shipping,2013-02-03,,,
lancome,Lancome,Lancome,2013-02-01,,,
lancome,Lancome,7-piece sample,2013-02-01,,,
lancome,Lancome,3-piece sample,2013-01-15,,,
lancome,Lancome,$280.00$372.00,2013-01-11,,,
lancome,Lancome,Receive 5 deluxe minis (over $100 Value),2013-01-07,,,
lancome,Lancome,ONE DAY ONLY,2012-12-28,,,
lancome,Lancome,Free 4 deluxe minis and free 2-day shipping,2012-12-19,,,
lancome,Lancome,Free Deluxe Samples Trio($53 Value),2012-12-15,,,
lancome,Lancome,3 free deluxe samples,2012-12-13,,,3
lancome,Lancome,Free 5-Piece deluxe Gift,2012-12-11,,,
lancome,Lancome,Free deluxe sample duo ($49 value),2012-12-04,,,
lancome,Lancome,20% Off Sitewide + 1 Free Genefique Sample,2012-12-01,,,
lancome,Lancome,Dealmoon Exclusive! 20% Off Sitewide + 2 Free Genefique Samples,2012-11-26,,,
lancome,Lancome,4 Free Samples,2012-11-21,,,
lancome,Lancome,Free 7 Piece Gifts,2012-11-16,,,
lancome,Lancome,Free 2 Piece Samples + 2 Extra Samples + Free Shipping,2012-11-06,,,
lancome,Lancome,Free 5 Piece Sample + Free Shipping,2012-11-05,,,
lancome,Lancome,$59.50,2012-11-02,,,
lancome,Lancome,Free 8 Deluxe Samples,2012-11-01,,,
lancome,Lancome,FREE,2012-10-27,,,
lancome,Lancome,Beauty Item Roundup:,2012-10-16,,,
lancome,Lancome,Deluxe Sample Duo + Free 2-day shipping,2012-10-16,,,
lancome,Lancome,Free 2 deluxe samples,2012-10-15,,,
lancome,Lancome,FREE 7-Day Supply,2012-10-14,,,
lancome,Lancome,Free 6 Deluxe Samples,2012-10-13,,,
lancome,Lancome,Free 6 Deluxe Samples + 2 Extra Samples,2012-10-10,,,
lancome,Lancome,Free 7-piece fall gift,2012-10-03,,,
lancome,Lancome,Lancome Coupon:,2012-10-01,,,
lancome,Lancome,Lancome Coupon:,2012-10-01,,,
lancome,Lancome,Free 5 piece Gift,2012-09-27,,,
lancome,Lancome,Lancome Coupon:,2012-09-24,,,
lancome,Lancome,Lancome Coupon:,2012-09-21,,,
lancome,Lancome,Lancome Coupon:,2012-09-18,,,
lancome,Lancome,Free Chris Benz Pouch,2012-09-11,,,
lancome,Lancome,Lancome Coupon:,2012-09-05,,,
lancome,Lancome,Lancome Coupon:,2012-09-01,,,
lancome,Lancome,Lancome Coupon:,2012-08-31,,,
lancome,Lancome,Lancome Coupon:,2012-08-30,,,
lancome,Lancome,Lancome Coupon:,2012-08-26,,,
lancome,Lancome,Lancome Coupon:,2012-08-18,,,
lancome,Lancome,Lancome Coupon:,2012-08-11,,,
lancome,Lancome,Free Deluxe Samples,2012-08-02,,,
lancome,Lancome,Lancome Coupon:,2012-08-02,,,
lancome,Lancome,Lancome Coupon:,2012-07-31,,,
lancome,Lancome,One Day Only,2012-07-24,,,
lancome,Lancome,One Day Only,2012-07-21,,,
lancome,Lancome,Lancome GWP:,2012-07-15,,,
lancome,Lancome,One Day Only,2012-07-07,,,
lancome,Lancome,Lancome Gift with Purchase:,2012-07-04,,,
lancome,Lancome,FREE samples,2012-06-29,,,
lancome,Lancome,Ending Soon!,2012-06-29,,,
lancome,Lancome,Today only!,2012-06-26,,,
lancome,Lancome,Lancome Coupon:,2012-06-23,,,
lancome,Lancome,Lancome GWP: 4 Free Samples,2012-06-19,,,
lancome,Lancome,Free gifts,2012-05-30,,,
lancome,Lancome,Ending Today,2012-05-29,,,
lancome,Lancome,20% off Any Order,2012-05-14,,1,1
lancome,Lancome,Lancome,2012-05-01,,,
lancome,Lancome,Free 4 Piece Gift ($79 Value),2012-04-28,,,
lancome,Lancome,Free Gifts ($109 value) with $35 purchase,2012-04-28,,,
lancome,Lancome,Free Sample Duo + Free Shipping,2012-04-20,,,
lancome,Lancome,Free Gifts ($130 value) with $60 purchase,2012-04-16,,,
lancome,Lancome,Lancome:,2012-03-27,,,
lancome,Lancome,Free Gifts ($169 value) with $35 purchase,2012-03-24,,,
lancome,Lancome,Free Deluxe Sample Duo + Free Shipping,2012-03-21,,,
lancome,Lancome,FREE,2012-03-20,,,
lancome,Lancome,Today Only!,2012-03-12,,,
lancome,Lancome,Today Only!,2012-03-09,,,
lancome,Lancome,Free Samples ($83 value),2012-03-07,,,
lancome,Lancome,Lancome:,2012-02-27,,,
lancome,Lancome,Receive a 4 piece sample plus Free Shipping,2012-02-22,,,
lancome,Lancome,9 pcs Deluxe Gift Set Sample,2012-02-21,,,
lancome,Lancome,Lancome Gift With Purchase,2012-02-19,,,
lancome,Lancome,Today Only!,2012-02-14,,,
lancome,Lancome,Today Only!,2012-02-09,,,
lancome,Lancome,Lancome Offer:,2012-02-07,,,
lancome,Lancome,Free Samples with Purchase!,2012-02-02,,,
lancome,Lancome,Free Gift ($105 value),2012-01-28,,,
lancome,Lancome,Free Gift ($148 value),2012-01-27,,,
lancome,Lancome,Free Gift ($122 value),2012-01-16,,,
lancome,Lancome,Lancome GWP:,2012-01-06,,,
lancome,Lancome,Lancome Promotion:,2011-12-29,,,
lancome,Lancome,Lancome New Coupons,2011-12-15,,,
lancome,Lancome,5 Deluxe Sample + Free Shipping,2011-12-11,,,
lancome,Lancome,Free Deluxe Samples,2011-12-02,,,
lancome,Lancome,Ending Today!,2011-12-01,,,
lancome,Lancome,20% OFF,2011-11-28,,,
lancome,Lancome,FREE,2011-11-18,,,
lancome,Lancome,Free 6-pc Sample (over $180 value),2011-11-15,,,
lancome,Lancome,Lancome New Coupon,2011-11-09,,,
lancome,Lancome,Lancome New Coupon,2011-11-03,,,
lancome,Lancome,Choose 4 samples (up to $114),2011-10-28,,,
lancome,Lancome,8 FREE samples,2011-10-25,,,
lancome,Lancome,Free Sample Duo and Shipping,2011-10-13,,,
lancome,Lancome,6 Delux Samples ($115 value),2011-10-09,,,
lancome,Lancome,Free Deluxe 7-Day Supply,2011-10-04,,,
lancome,Lancome,Free 5-pc Deluxe Samples,2011-10-03,,,
lancome,Lancome,FREE Gifts,2011-10-03,,,
lancome,Lancome,Receive 4-piece sample set + FREE shipping,2011-10-01,,,
lancome,Lancome,Lancome Deal,2011-09-27,,,
lancome,Lancome,FREE 6-pc Gift,2011-09-21,,,
lancome,Lancome,Today only,2011-09-19,,,
lancome,Lancome,Lancome Special Offers,2011-09-04,,,
lancome,Lancome,5 FREE deluxe samples,2011-09-03,,,
lancome,Lancome,Free shipping + samples,2011-08-16,,,
lancome,Lancome,Today Only,2011-08-13,,,
lancome,Lancome,Free 5-Piece Deluxe Sample Collection,2011-08-10,,,
lancome,Lancome,4 Piece Sample (a $88 value) and Free Shipping,2011-08-02,,,
lancome,Lancome,Free shipping & Samples,2011-07-26,,,
lancome,Lancome,Free 4-8 Samples ($105 value),2011-07-19,,,
lancome,Lancome,Free 5-piece deluxe sample collection plus FREE shipping,2011-07-07,,,
lancome,Lancome,Free gifts + free shipping,2011-07-04,,,
lancome,Lancome,Extra 20% Off,2011-06-15,,,
lancome,Lancome,Promotion,2011-05-10,,,
lancome,Lancome,3 Free Samples,2011-04-21,,,
lancome,Lancome,Free,2011-02-02,,,
lancome,Lancome,20% off + free shipping,2010-12-30,,,
